ano,mes,bairro,distrito,local_ocorrencia,latitude,longitude
2010,JULHO,BARCARENA,BARCARENA,TERRENO BALDIO,,
2012,OUTUBRO,OUTROS,VILA DOS CABANOS,RESIDENCIA PARTICULAR,,
2012,JUNHO,OUTROS,VILA DOS CABANOS,RESIDENCIA PARTICULAR,,
2012,MAIO,OUTROS,VILA DOS CABANOS,RESIDENCIA PARTICULAR,,
2012,DEZEMBRO,BARCARENA,BARCARENA,OUTROS,,
2012,DEZEMBRO,BARCARENA,BARCARENA,RESIDENCIA PARTICULAR,,
2012,DEZEMBRO,ZONA RURAL DE BARCARENA,BARCARENA,RESIDENCIA PARTICULAR,,
2013,MARCO,BARCARENA,BARCARENA,OUTROS,,
2013,ABRIL,BARCARENA,BARCARENA,VIA PUBLICA,,
2013,MAIO,CENTRO DE BARCARENA,VILA DOS CABANOS,RESIDENCIA PARTICULAR,,
2013,MAIO,PIONEIRO,VILA DOS CABANOS,RESIDENCIA PARTICULAR,,
2013,MAIO,BARCARENA,BARCARENA,TERRENO BALDIO,,
2013,JUNHO,OUTROS,VILA DOS CABANOS,RESIDENCIA PARTICULAR,,
2013,JUNHO,CENTRO DE BARCARENA,VILA DOS CABANOS,RESIDENCIA PARTICULAR,,
2013,JULHO,OUTROS,VILA DOS CABANOS,RESIDENCIA PARTICULAR,,
2013,JULHO,BARCARENA,BARCARENA,RESIDENCIA PARTICULAR,,
2013,SETEMBRO,PEDREIRA,BARCARENA,RESIDENCIA PARTICULAR,,
2013,SETEMBRO,BARCARENA,BARCARENA,VIA PUBLICA,,
2013,AGOSTO,CENTRO DE BARCARENA,VILA DOS CABANOS,RESIDENCIA PARTICULAR,,
2013,DEZEMBRO,ZONA RURAL DE BARCARENA,BARCARENA,VIA PUBLICA,,
2013,DEZEMBRO,ZONA RURAL DE BARCARENA,BARCARENA,VIA PUBLICA,,
2013,DEZEMBRO,ZONA RURAL DE BARCARENA,BARCARENA,VIA PUBLICA,,
2013,DEZEMBRO,CENTRO DE BARCARENA,BARCARENA,OUTROS,,
2013,DEZEMBRO,ZONA RURAL DE BARCARENA,BARCARENA,VIA PUBLICA,,
2013,MARCO,BARCARENA,BARCARENA,VIA PUBLICA,,
2013,SETEMBRO,PIONEIRO,VILA DOS CABANOS,OUTROS,,
2013,JANEIRO,ZONA RURAL DE BARCARENA,BARCARENA,OUTROS,,
2013,JANEIRO,OUTROS,VILA DOS CABANOS,RESIDENCIA PARTICULAR,,
2013,DEZEMBRO,BARCARENA,BARCARENA,RESIDENCIA PARTICULAR,,
2013,JUNHO,CENTRO DE BARCARENA,VILA DOS CABANOS,RESIDENCIA PARTICULAR,,
2013,SETEMBRO,PEDREIRA,BARCARENA,RESIDENCIA PARTICULAR,,
2013,NOVEMBRO,BARCARENA,BARCARENA,RESIDENCIA PARTICULAR,,
2013,NOVEMBRO,BARCARENA,BARCARENA,TERRENO BALDIO,,
2013,SETEMBRO,ZONA RURAL DE BARCARENA,BARCARENA,RESIDENCIA PARTICULAR,,
2013,AGOSTO,CENTRO DE BARCARENA,VILA DOS CABANOS,RESIDENCIA PARTICULAR,,
2013,FEVEREIRO,OUTROS,VILA DOS CABANOS,RESIDENCIA PARTICULAR,,
2013,SETEMBRO,OUTROS,VILA DOS CABANOS,RESIDENCIA PARTICULAR,,
2013,JANEIRO,BARCARENA,BARCARENA,RESIDENCIA PARTICULAR,,
2013,JULHO,OUTROS,VILA DOS CABANOS,RESIDENCIA PARTICULAR,,
2013,MARCO,BARCARENA,BARCARENA,RESIDENCIA PARTICULAR,,
2013,AGOSTO,BARCARENA,BARCARENA,RESIDENCIA PARTICULAR,,
2013,OUTUBRO,BARCARENA,BARCARENA,RESIDENCIA PARTICULAR,,
2013,MAIO,BARCARENA,BARCARENA,RESIDENCIA PARTICULAR,,
2013,AGOSTO,BARCARENA,BARCARENA,RESIDENCIA PARTICULAR,,
2013,AGOSTO,CENTRO DE BARCARENA,VILA DOS CABANOS,RESIDENCIA PARTICULAR,,
2013,NOVEMBRO,IMOBILIARIA,BARCARENA,VIA PUBLICA,,
2013,MARCO,BARCARENA,BARCARENA,VIA PUBLICA,,
2013,AGOSTO,CENTRO DE BARCARENA,VILA DOS CABANOS,RESIDENCIA PARTICULAR,,
2013,FEVEREIRO,CENTRO DE BARCARENA,VILA DOS CABANOS,RESIDENCIA PARTICULAR,,
2013,FEVEREIRO,CENTRO DE BARCARENA,VILA DOS CABANOS,RESIDENCIA PARTICULAR,,
2013,DEZEMBRO,CENTRO DE BARCARENA,VILA DOS CABANOS,RESIDENCIA PARTICULAR,,
2013,FEVEREIRO,CENTRO DE BARCARENA,VILA DOS CABANOS,RESIDENCIA PARTICULAR,,
2013,ABRIL,CENTRO DE BARCARENA,VILA DOS CABANOS,RESIDENCIA PARTICULAR,,
2013,JANEIRO,OUTROS,VILA DOS CABANOS,VIA PUBLICA,,
2013,JANEIRO,BARCARENA,BARCARENA,RESIDENCIA PARTICULAR,,
2013,DEZEMBRO,OUTROS,VILA DOS CABANOS,RESIDENCIA PARTICULAR,,
2013,NOVEMBRO,BARCARENA,BARCARENA,VIA PUBLICA,,
2013,DEZEMBRO,ZONA RURAL DE BARCARENA,BARCARENA,RESIDENCIA PARTICULAR,,
2013,DEZEMBRO,BARCARENA,BARCARENA,RESIDENCIA PARTICULAR,,
2014,MAIO,CENTRO DE BARCARENA,VILA DOS CABANOS,RESIDENCIA PARTICULAR,,
2014,DEZEMBRO,BARCARENA,BARCARENA,RESIDENCIA PARTICULAR,,
2014,JULHO,OUTROS,VILA DOS CABANOS,RESIDENCIA PARTICULAR,,
2014,AGOSTO,PIONEIRO,VILA DOS CABANOS,RESIDENCIA PARTICULAR,,
2014,MAIO,CENTRO DE BARCARENA,VILA DOS CABANOS,RESIDENCIA PARTICULAR,,
2014,FEVEREIRO,OUTROS,VILA DOS CABANOS,RESIDENCIA PARTICULAR,,
2014,JANEIRO,BARCARENA,BARCARENA,"MAR, RIO, LAGOA",,
2014,MARCO,OUTROS,VILA DOS CABANOS,RESIDENCIA PARTICULAR,,
2014,ABRIL,BARCARENA,BARCARENA,RESIDENCIA PARTICULAR,,
2014,ABRIL,OUTROS,VILA DOS CABANOS,RESIDENCIA PARTICULAR,,
2014,ABRIL,IMOBILIARIA,BARCARENA,RESIDENCIA PARTICULAR,,
2014,JUNHO,OUTROS,VILA DOS CABANOS,VIA PUBLICA,,
2014,JULHO,BARCARENA,BARCARENA,RESIDENCIA PARTICULAR,,
2014,AGOSTO,ZONA RURAL DE BARCARENA,BARCARENA,"MAR, RIO, LAGOA",,
2014,DEZEMBRO,BARCARENA,BARCARENA,RESIDENCIA PARTICULAR,,
2014,OUTUBRO,CENTRO DE BARCARENA,BARCARENA,VIA PUBLICA,,
2014,NOVEMBRO,ZONA RURAL DE BARCARENA,BARCARENA,RESIDENCIA PARTICULAR,,
2014,OUTUBRO,ZONA RURAL DE BARCARENA,BARCARENA,RESIDENCIA PARTICULAR,,
2014,SETEMBRO,ZONA RURAL DE BARCARENA,BARCARENA,RESIDENCIA PARTICULAR,,
2014,JANEIRO,BARCARENA,BARCARENA,"CAFE,BAR,ETC",,
2014,MARCO,CENTRO DE BARCARENA,VILA DOS CABANOS,RESIDENCIA PARTICULAR,,
2014,SETEMBRO,ZONA RURAL DE BARCARENA,BARCARENA,RESIDENCIA PARTICULAR,,
2014,ABRIL,OUTROS,VILA DOS CABANOS,RESIDENCIA PARTICULAR,,
2014,JANEIRO,OUTROS,VILA DOS CABANOS,VIA PUBLICA,,
2014,OUTUBRO,CENTRO DE BARCARENA,VILA DOS CABANOS,OUTROS,,
2014,SETEMBRO,BARCARENA,BARCARENA,RESIDENCIA PARTICULAR,,
2014,FEVEREIRO,BARCARENA,BARCARENA,RESIDENCIA PARTICULAR,,
2014,NOVEMBRO,OUTROS,VILA DOS CABANOS,VIA PUBLICA,,
2014,MARCO,OUTROS,VILA DOS CABANOS,VIA PUBLICA,,
2014,FEVEREIRO,BARCARENA,BARCARENA,RESIDENCIA PARTICULAR,,
2014,NOVEMBRO,PIONEIRO,VILA DOS CABANOS,RESIDENCIA PARTICULAR,,
2014,SETEMBRO,IMOBILIARIA,BARCARENA,RESIDENCIA PARTICULAR,,
2014,OUTUBRO,ZONA RURAL DE BARCARENA,BARCARENA,RESIDENCIA PARTICULAR,,
2014,SETEMBRO,PEDREIRA,BARCARENA,RESIDENCIA PARTICULAR,,
2014,DEZEMBRO,BARCARENA,BARCARENA,RESIDENCIA PARTICULAR,,
2014,DEZEMBRO,BARCARENA,BARCARENA,RESIDENCIA PARTICULAR,,
2014,JUNHO,OUTROS,VILA DOS CABANOS,RESIDENCIA PARTICULAR,,
2014,ABRIL,BARCARENA,BARCARENA,VIA PUBLICA,,
2014,FEVEREIRO,CENTRO DE BARCARENA,VILA DOS CABANOS,RESIDENCIA PARTICULAR,,
2014,ABRIL,CENTRO DE BARCARENA,VILA DOS CABANOS,RESIDENCIA PARTICULAR,,
2014,FEVEREIRO,OUTROS,VILA DOS CABANOS,RESIDENCIA PARTICULAR,,
2014,SETEMBRO,CENTRO DE BARCARENA,BARCARENA,RESIDENCIA PARTICULAR,,
2014,FEVEREIRO,OUTROS,VILA DOS CABANOS,RESIDENCIA PARTICULAR,,
2014,JUNHO,CENTRO DE BARCARENA,VILA DOS CABANOS,RESIDENCIA PARTICULAR,,
2014,MARCO,OUTROS,VILA DOS CABANOS,RESIDENCIA PARTICULAR,,
2014,MARCO,OUTROS,VILA DOS CABANOS,RESIDENCIA PARTICULAR,,
2014,JANEIRO,OUTROS,VILA DOS CABANOS,RESIDENCIA PARTICULAR,,
2014,NOVEMBRO,BARCARENA,BARCARENA,ESTABELECIMENTO DE ENSINO,,
2014,JANEIRO,BARCARENA,BARCARENA,RESIDENCIA PARTICULAR,,
2015,MARCO,BARCARENA,BARCARENA,RESIDENCIA PARTICULAR,,
2015,ABRIL,IMOBILIARIA,BARCARENA,RESIDENCIA PARTICULAR,,
2015,JUNHO,BARCARENA,BARCARENA,RESIDENCIA PARTICULAR,,
2015,JUNHO,ZONA RURAL DE BARCARENA,BARCARENA,RESIDENCIA PARTICULAR,,
2015,NOVEMBRO,OUTROS,VILA DOS CABANOS,VIA PUBLICA,,
2015,SETEMBRO,CENTRO DE BARCARENA,BARCARENA,RESIDENCIA PARTICULAR,"-1,5121929","-48,619925"
2015,OUTUBRO,OUTROS,VILA DOS CABANOS,RESIDENCIA PARTICULAR,,
2015,OUTUBRO,BARCARENA,BARCARENA,ESTABELECIMENTO DE ENSINO,,
2015,NOVEMBRO,OUTROS,VILA DOS CABANOS,RESIDENCIA PARTICULAR,,
2015,JANEIRO,PEDREIRA,BARCARENA,ESTABELECIMENTO DE ENSINO,,
2015,ABRIL,ZONA RURAL DE BARCARENA,BARCARENA,OUTROS,,
2015,OUTUBRO,BARCARENA,BARCARENA,RESIDENCIA PARTICULAR,,
2015,JUNHO,ZONA RURAL DE BARCARENA,BARCARENA,RESIDENCIA PARTICULAR,,
2015,SETEMBRO,BARCARENA,BARCARENA,RESIDENCIA PARTICULAR,,
2015,MARCO,BARCARENA,BARCARENA,RESIDENCIA PARTICULAR,,
2015,AGOSTO,BARCARENA,BARCARENA,RESIDENCIA PARTICULAR,,
2015,MARCO,ZONA RURAL DE BARCARENA,BARCARENA,RESIDENCIA PARTICULAR,,
2015,JUNHO,ZONA RURAL DE BARCARENA,BARCARENA,TERRENO BALDIO,,
2015,NOVEMBRO,OUTROS,VILA DOS CABANOS,RESIDENCIA PARTICULAR,,
2015,NOVEMBRO,ZONA RURAL DE BARCARENA,BARCARENA,RESIDENCIA PARTICULAR,,
2015,ABRIL,BARCARENA,BARCARENA,VIA PUBLICA,,
2015,AGOSTO,BARCARENA,BARCARENA,TERRENO BALDIO,,
2015,FEVEREIRO,ZONA RURAL DE BARCARENA,BARCARENA,RESIDENCIA PARTICULAR,,
2015,FEVEREIRO,ZONA RURAL DE BARCARENA,BARCARENA,RESIDENCIA PARTICULAR,,
2015,OUTUBRO,OUTROS,VILA DOS CABANOS,RESIDENCIA PARTICULAR,,
2015,AGOSTO,VILA DOS CABANOS,BARCARENA,RESIDENCIA PARTICULAR,,
2015,JANEIRO,PEDREIRA,BARCARENA,ESTABELECIMENTO DE ENSINO,,
2015,JANEIRO,PEDREIRA,BARCARENA,ESTABELECIMENTO DE ENSINO,,
2015,MARCO,ZONA RURAL DE BARCARENA,BARCARENA,RESIDENCIA PARTICULAR,,
2015,JANEIRO,ZONA RURAL DE BARCARENA,BARCARENA,RESIDENCIA PARTICULAR,,
2015,SETEMBRO,BARCARENA,BARCARENA,RESIDENCIA PARTICULAR,,
2015,MARCO,CENTRO DE BARCARENA,VILA DOS CABANOS,OUTROS,,
2015,ABRIL,ZONA RURAL DE BARCARENA,BARCARENA,RESIDENCIA PARTICULAR,,
2015,DEZEMBRO,BARCARENA,BARCARENA,VIA PUBLICA,,
2015,SETEMBRO,OUTROS,VILA DOS CABANOS,RESIDENCIA PARTICULAR,,
2015,MAIO,CENTRO DE BARCARENA,VILA DOS CABANOS,RESIDENCIA PARTICULAR,,
2015,NOVEMBRO,NOVO 02,BARCARENA,VIA PUBLICA,,
2015,SETEMBRO,NOVO 01,BARCARENA,EDIFICIO PUBLICO,,
2015,JANEIRO,PEDREIRA,BARCARENA,ESTABELECIMENTO DE ENSINO,,
2015,OUTUBRO,ZONA RURAL DE BARCARENA,BARCARENA,RESIDENCIA PARTICULAR,,
2015,FEVEREIRO,OUTROS,VILA DOS CABANOS,RESIDENCIA PARTICULAR,,
2015,OUTUBRO,OUTROS,VILA DOS CABANOS,"MAR, RIO, LAGOA",,
2015,MARCO,BARCARENA,BARCARENA,RESIDENCIA PARTICULAR,,
2015,JULHO,BARCARENA,BARCARENA,LOGRADORO PUBLICO,,
2015,FEVEREIRO,OUTROS,VILA DOS CABANOS,RESIDENCIA PARTICULAR,,
2015,DEZEMBRO,OUTROS,VILA DOS CABANOS,RESIDENCIA PARTICULAR,,
2015,MAIO,OUTROS,VILA DOS CABANOS,VIA PUBLICA,,
2015,MARCO,BARCARENA,BARCARENA,RESIDENCIA PARTICULAR,,
2015,AGOSTO,BARCARENA,BARCARENA,RESIDENCIA PARTICULAR,,
2015,NOVEMBRO,OUTROS,VILA DOS CABANOS,RESIDENCIA PARTICULAR,,
2015,AGOSTO,BARCARENA,BARCARENA,RESIDENCIA PARTICULAR,,
2015,JANEIRO,ZONA RURAL DE BARCARENA,BARCARENA,RESIDENCIA PARTICULAR,,
2015,OUTUBRO,CENTRO DE BARCARENA,VILA DOS CABANOS,RESIDENCIA PARTICULAR,,
2015,ABRIL,VILA DOS CABANOS,BARCARENA,RESIDENCIA PARTICULAR,,
2015,OUTUBRO,ZONA RURAL DE BARCARENA,BARCARENA,RESIDENCIA PARTICULAR,,
2015,JANEIRO,PEDREIRA,BARCARENA,ESTABELECIMENTO DE ENSINO,,
2015,JULHO,BARCARENA,BARCARENA,RESIDENCIA PARTICULAR,,
2016,MAIO,BARCARENA,BARCARENA,RESIDENCIA PARTICULAR,,
2016,JULHO,VILA DOS CABANOS,BARCARENA,RESIDENCIA PARTICULAR,,
2016,DEZEMBRO,VILA DOS CABANOS,BARCARENA,RESIDENCIA PARTICULAR,,
2016,AGOSTO,ZONA RURAL DE BARCARENA,BARCARENA,RESIDENCIA PARTICULAR,,
2016,SETEMBRO,BARCARENA,BARCARENA,RESIDENCIA PARTICULAR,,
2016,JUNHO,BARCARENA,BARCARENA,TERRENO BALDIO,,
2016,OUTUBRO,ZONA RURAL DE BARCARENA,BARCARENA,RESIDENCIA PARTICULAR,,
2016,FEVEREIRO,BARCARENA,BARCARENA,RESIDENCIA PARTICULAR,,
2016,MAIO,PEDREIRA,BARCARENA,RESIDENCIA PARTICULAR,,
2016,MARCO,VILA DOS CABANOS,BARCARENA,RESIDENCIA PARTICULAR,,
2016,JUNHO,PEDREIRA,BARCARENA,RESIDENCIA PARTICULAR,,
2016,JUNHO,PEDREIRA,BARCARENA,RESIDENCIA PARTICULAR,,
2016,JANEIRO,BARCARENA,BARCARENA,VIA PUBLICA,,
2016,AGOSTO,BARCARENA,BARCARENA,RESIDENCIA PARTICULAR,,
2016,JULHO,BARCARENA,BARCARENA,RESIDENCIA PARTICULAR,,
2016,NOVEMBRO,BARCARENA,BARCARENA,RESIDENCIA PARTICULAR,,
2016,AGOSTO,BARCARENA,BARCARENA,RESIDENCIA PARTICULAR,,
2016,FEVEREIRO,VILA DOS CABANOS,BARCARENA,RESIDENCIA PARTICULAR,,
2016,NOVEMBRO,ZONA RURAL DE BARCARENA,BARCARENA,RESIDENCIA PARTICULAR,,
2016,NOVEMBRO,BARCARENA,BARCARENA,RESIDENCIA PARTICULAR,,
2016,JANEIRO,BARCARENA,BARCARENA,RESIDENCIA PARTICULAR,,
2016,JULHO,BARCARENA,BARCARENA,RESIDENCIA PARTICULAR,,
2016,FEVEREIRO,PEDREIRA,BARCARENA,RESIDENCIA PARTICULAR,,
2016,MARCO,BARCARENA,BARCARENA,RESIDENCIA PARTICULAR,,
2016,OUTUBRO,BARCARENA,BARCARENA,"MAR, RIO, LAGOA",,
2016,SETEMBRO,ZONA RURAL DE BARCARENA,BARCARENA,RESIDENCIA PARTICULAR,,
2016,JUNHO,BARCARENA,BARCARENA,RESIDENCIA PARTICULAR,,
2016,OUTUBRO,COMERCIAL,BARCARENA,RESIDENCIA PARTICULAR,,
2016,FEVEREIRO,ZONA RURAL DE BARCARENA,BARCARENA,"MAR, RIO, LAGOA",,
2016,MAIO,BARCARENA,BARCARENA,RESIDENCIA PARTICULAR,,
2016,OUTUBRO,PEDREIRA,BARCARENA,OUTROS,,
2016,JUNHO,PEDREIRA,BARCARENA,RESIDENCIA PARTICULAR,,
2016,NOVEMBRO,BETANIA,BARCARENA,RESIDENCIA PARTICULAR,,
2016,AGOSTO,ZONA RURAL DE BARCARENA,BARCARENA,RESIDENCIA PARTICULAR,,
2016,JUNHO,VILA DOS CABANOS,BARCARENA,RESIDENCIA PARTICULAR,,
2016,JUNHO,OUTROS,VILA DOS CABANOS,RESIDENCIA PARTICULAR,,
2016,DEZEMBRO,BARCARENA,BARCARENA,RESIDENCIA PARTICULAR,,
2016,OUTUBRO,BARCARENA,BARCARENA,RESIDENCIA PARTICULAR,,
2016,MARCO,BARCARENA,BARCARENA,RESIDENCIA PARTICULAR,,
2016,JULHO,BARCARENA,BARCARENA,RESIDENCIA PARTICULAR,,
2016,JUNHO,BARCARENA,BARCARENA,RESIDENCIA PARTICULAR,,
2016,OUTUBRO,ZONA RURAL DE BARCARENA,BARCARENA,RESIDENCIA PARTICULAR,,
2016,DEZEMBRO,ZONA RURAL DE BARCARENA,BARCARENA,RESIDENCIA PARTICULAR,,
2016,ABRIL,ZONA RURAL DE BARCARENA,BARCARENA,RESIDENCIA PARTICULAR,,
2016,SETEMBRO,ZONA RURAL DE BARCARENA,BARCARENA,RESIDENCIA PARTICULAR,,
2016,JANEIRO,ZONA RURAL DE BARCARENA,BARCARENA,RESIDENCIA PARTICULAR,,
2016,JUNHO,ZONA RURAL DE BARCARENA,BARCARENA,RESIDENCIA PARTICULAR,,
2016,AGOSTO,BARCARENA,BARCARENA,RESIDENCIA PARTICULAR,,
2016,AGOSTO,BARCARENA,BARCARENA,VIA PUBLICA,,
2017,MARCO,BARCARENA,BARCARENA,RESIDENCIA PARTICULAR,,
2017,NOVEMBRO,BARCARENA,BARCARENA,RESIDENCIA PARTICULAR,,
2017,AGOSTO,CENTRO DE BARCARENA,BARCARENA,RESIDENCIA PARTICULAR,"-1,527104","-48,6799314"
2017,MAIO,CENTRO DE BARCARENA,BARCARENA,RESIDENCIA PARTICULAR,,
2017,MAIO,BARCARENA,BARCARENA,RESIDENCIA PARTICULAR,,
2017,AGOSTO,BARCARENA,BARCARENA,RESIDENCIA PARTICULAR,,
2017,NOVEMBRO,BARCARENA,BARCARENA,RESIDENCIA PARTICULAR,,
2017,ABRIL,BARCARENA,BARCARENA,RESIDENCIA PARTICULAR,,
2017,ABRIL,BARCARENA,BARCARENA,RESIDENCIA PARTICULAR,,
2017,DEZEMBRO,BETANIA,BARCARENA,RESIDENCIA PARTICULAR,,
2017,JUNHO,BARCARENA,BARCARENA,RESIDENCIA PARTICULAR,,
2017,MAIO,BARCARENA,BARCARENA,RESIDENCIA PARTICULAR,,
2017,MAIO,CENTRO DE BARCARENA,VILA DOS CABANOS,RESIDENCIA PARTICULAR,,
2017,JANEIRO,BARCARENA,BARCARENA,RESIDENCIA PARTICULAR,,
2017,NOVEMBRO,BARCARENA,BARCARENA,RESIDENCIA PARTICULAR,,
2017,MARCO,BARCARENA,BARCARENA,RESIDENCIA PARTICULAR,,
2017,MARCO,CENTRO DE BARCARENA,BARCARENA,RESIDENCIA PARTICULAR,,
2017,JANEIRO,VILA DOS CABANOS,BARCARENA,RESIDENCIA PARTICULAR,,
2017,ABRIL,BARCARENA,BARCARENA,RESIDENCIA PARTICULAR,,
2017,MAIO,OUTROS,VILA DOS CABANOS,RESIDENCIA PARTICULAR,,
2017,MARCO,BARCARENA,BARCARENA,RESIDENCIA PARTICULAR,,
2017,JULHO,BARCARENA,BARCARENA,RESIDENCIA PARTICULAR,,
2017,JUNHO,ZONA RURAL DE BARCARENA,BARCARENA,VIA PUBLICA,,
2017,AGOSTO,ZONA RURAL DE BARCARENA,BARCARENA,RESIDENCIA PARTICULAR,,
2017,FEVEREIRO,BARCARENA,BARCARENA,RESIDENCIA PARTICULAR,,
2017,JUNHO,CENTRO DE BARCARENA,VILA DOS CABANOS,RESIDENCIA PARTICULAR,,
2017,AGOSTO,BARCARENA,BARCARENA,RESIDENCIA PARTICULAR,,
2017,ABRIL,OUTROS,VILA DOS CABANOS,"MAR, RIO, LAGOA",,
2017,FEVEREIRO,BARCARENA,BARCARENA,RESIDENCIA PARTICULAR,,
2017,MARCO,BARCARENA,BARCARENA,LOGRADOURO PUBLICO,,
2017,NOVEMBRO,CENTRO DE BARCARENA,BARCARENA,RESIDENCIA PARTICULAR,"-1,527104","-48,6799314"
2017,ABRIL,BARCARENA,BARCARENA,RESIDENCIA PARTICULAR,,
2017,SETEMBRO,OUTROS,VILA DOS CABANOS,OUTROS,,
2017,MAIO,ZONA RURAL DE BARCARENA,BARCARENA,OUTROS,,
2017,ABRIL,OUTROS,VILA DOS CABANOS,RESIDENCIA PARTICULAR,,
2017,JULHO,CENTRO DE BARCARENA,BARCARENA,VIA PUBLICA,,
2017,FEVEREIRO,OUTROS,VILA DOS CABANOS,RESIDENCIA PARTICULAR,,
2017,OUTUBRO,BARCARENA,BARCARENA,RESIDENCIA PARTICULAR,,
2017,AGOSTO,BARCARENA,BARCARENA,RESIDENCIA PARTICULAR,,
2017,ABRIL,BARCARENA,BARCARENA,RESIDENCIA PARTICULAR,,
2017,MAIO,BARCARENA,BARCARENA,RESIDENCIA PARTICULAR,,
2017,AGOSTO,BARCARENA,BARCARENA,RESIDENCIA PARTICULAR,,
2017,NOVEMBRO,BARCARENA,BARCARENA,RESIDENCIA PARTICULAR,,
2017,AGOSTO,CENTRO DE BARCARENA,VILA DOS CABANOS,RESIDENCIA PARTICULAR,,
2017,AGOSTO,BARCARENA,BARCARENA,RESIDENCIA PARTICULAR,,
2017,JANEIRO,BARCARENA,BARCARENA,RESIDENCIA PARTICULAR,,
2017,MAIO,BARCARENA,BARCARENA,RESIDENCIA PARTICULAR,,
2017,ABRIL,IMOBILIARIA,BARCARENA,RESIDENCIA PARTICULAR,,
2017,JANEIRO,BARCARENA,BARCARENA,RESIDENCIA PARTICULAR,,
2017,MARCO,ZONA RURAL DE BARCARENA,BARCARENA,RESIDENCIA PARTICULAR,,
2017,JULHO,ZONA RURAL DE BARCARENA,BARCARENA,RESIDENCIA PARTICULAR,,
2017,JULHO,ZONA RURAL DE BARCARENA,BARCARENA,RESIDENCIA PARTICULAR,,
2017,JULHO,ZONA RURAL DE BARCARENA,BARCARENA,VIA PUBLICA,,
2017,JANEIRO,OUTROS,VILA DOS CABANOS,RESIDENCIA PARTICULAR,,
2018,DEZEMBRO,BARCARENA,BARCARENA,RESIDENCIA PARTICULAR,,
2018,OUTUBRO,BARCARENA,BARCARENA,RESIDENCIA PARTICULAR,,
2018,AGOSTO,BARCARENA,BARCARENA,RESIDENCIA PARTICULAR,,
2018,JULHO,VILA DOS CABANOS,BARCARENA,RESIDENCIA PARTICULAR,"-1,5077179","-48,6222375"
2018,FEVEREIRO,BARCARENA,BARCARENA,RESIDENCIA PARTICULAR,,
2018,AGOSTO,BARCARENA,BARCARENA,RESIDENCIA PARTICULAR,,
2018,SETEMBRO,BARCARENA,BARCARENA,RESIDENCIA PARTICULAR,,
2018,MAIO,BARCARENA,BARCARENA,RESIDENCIA PARTICULAR,,
2018,FEVEREIRO,BARCARENA,BARCARENA,RESIDENCIA PARTICULAR,,
2018,JANEIRO,VILA DOS CABANOS,BARCARENA,RESIDENCIA PARTICULAR,,
2018,SETEMBRO,BARCARENA,BARCARENA,RESIDENCIA PARTICULAR,,
2018,SETEMBRO,BARCARENA,BARCARENA,RESIDENCIA PARTICULAR,,
2018,JUNHO,BARCARENA,BARCARENA,RESIDENCIA PARTICULAR,,
2018,AGOSTO,BARCARENA,BARCARENA,RESIDENCIA PARTICULAR,,
2018,MAIO,BETANIA,BARCARENA,RESIDENCIA PARTICULAR,,
2018,MAIO,VILA DOS CABANOS,BARCARENA,RESIDENCIA PARTICULAR,"-1,5077179","-48,6222375"
2018,FEVEREIRO,BARCARENA,BARCARENA,RESIDENCIA PARTICULAR,,
2018,JANEIRO,BARCARENA,BARCARENA,RESIDENCIA PARTICULAR,,
2018,OUTUBRO,ZONA RURAL DE BARCARENA,BARCARENA,RESIDENCIA PARTICULAR,,
2018,OUTUBRO,BARCARENA,BARCARENA,RESIDENCIA PARTICULAR,,
2018,AGOSTO,BARCARENA,BARCARENA,RESIDENCIA PARTICULAR,,
2018,ABRIL,BARCARENA,BARCARENA,RESIDENCIA PARTICULAR,,
2018,ABRIL,BARCARENA,BARCARENA,ESTABELECIMENTO DE ENSINO,,
2018,AGOSTO,BARCARENA,BARCARENA,RESIDENCIA PARTICULAR,,
2018,FEVEREIRO,BARCARENA,BARCARENA,RESIDENCIA PARTICULAR,,
2018,NOVEMBRO,BARCARENA,BARCARENA,"HOTEL, PENSAO, ETC",,
2018,MAIO,BARCARENA,BARCARENA,RESIDENCIA PARTICULAR,,
2018,JULHO,BARCARENA,BARCARENA,RESIDENCIA PARTICULAR,,
2018,JUNHO,BARCARENA,BARCARENA,RESIDENCIA PARTICULAR,,
2018,JUNHO,BARCARENA,BARCARENA,ESTABELECIMENTO DE ENSINO,,
2018,AGOSTO,ZONA RURAL DE BARCARENA,BARCARENA,RESIDENCIA PARTICULAR,,
2018,JULHO,BARCARENA,BARCARENA,RESIDENCIA PARTICULAR,,
2018,AGOSTO,BARCARENA,BARCARENA,RESIDENCIA PARTICULAR,,
2018,ABRIL,ZONA RURAL DE BARCARENA,BARCARENA,RESIDENCIA PARTICULAR,,
2018,NOVEMBRO,ZONA RURAL DE BARCARENA,BARCARENA,RESIDENCIA PARTICULAR,,
2018,DEZEMBRO,ZONA RURAL DE BARCARENA,BARCARENA,RESIDENCIA PARTICULAR,,
2018,NOVEMBRO,VILA DOS CABANOS,BARCARENA,RESIDENCIA PARTICULAR,,
2018,DEZEMBRO,VILA DOS CABANOS,BARCARENA,RESIDENCIA PARTICULAR,,
2018,SETEMBRO,CENTRO DE BARCARENA,BARCARENA,RESIDENCIA PARTICULAR,"-1,512231231","-48,61995316"
2018,OUTUBRO,BARCARENA,BARCARENA,RESIDENCIA PARTICULAR,,
2018,OUTUBRO,BARCARENA,BARCARENA,RESIDENCIA PARTICULAR,,
2018,JULHO,BARCARENA,BARCARENA,RESIDENCIA PARTICULAR,,
2018,MAIO,BARCARENA,BARCARENA,RESIDENCIA PARTICULAR,,
2018,MAIO,BARCARENA,BARCARENA,RESIDENCIA PARTICULAR,,
2018,JUNHO,BARCARENA,BARCARENA,RESIDENCIA PARTICULAR,,
2018,ABRIL,BARCARENA,BARCARENA,RESIDENCIA PARTICULAR,,
2018,OUTUBRO,BARCARENA,BARCARENA,RESIDENCIA PARTICULAR,,
2018,ABRIL,CENTRO DE BARCARENA,BARCARENA,RESIDENCIA PARTICULAR,,
2018,AGOSTO,CENTRO DE BARCARENA,BARCARENA,RESIDENCIA PARTICULAR,,
2018,MAIO,CENTRO DE BARCARENA,BARCARENA,RESIDENCIA PARTICULAR,,
2018,OUTUBRO,ZONA RURAL DE BARCARENA,BARCARENA,RESIDENCIA PARTICULAR,,
2018,AGOSTO,ZONA RURAL DE BARCARENA,BARCARENA,RESIDENCIA PARTICULAR,,
2018,DEZEMBRO,BARCARENA,BARCARENA,RESIDENCIA PARTICULAR,,
2018,NOVEMBRO,BARCARENA,BARCARENA,RESIDENCIA PARTICULAR,,
2018,NOVEMBRO,CENTRO DE BARCARENA,BARCARENA,RESIDENCIA PARTICULAR,"-1,512231231","-48,61995316"
2018,NOVEMBRO,CENTRO DE BARCARENA,BARCARENA,RESIDENCIA PARTICULAR,"-1,512231231","-48,61995316"
2018,JULHO,CENTRO DE BARCARENA,BARCARENA,RESIDENCIA PARTICULAR,"-1,512231231","-48,61995316"
2018,JUNHO,BETANIA,BARCARENA,RESIDENCIA PARTICULAR,,
2018,DEZEMBRO,VILA DOS CABANOS,BARCARENA,VIA PUBLICA,"-1,56671904","-48,75620842"
2019,SETEMBRO,VILA DOS CABANOS,BARCARENA,RESIDENCIA PARTICULAR,,
2019,JULHO,BARCARENA,BARCARENA,RESIDENCIA PARTICULAR,,
2019,SETEMBRO,BARCARENA,BARCARENA,ESTABELECIMENTO DE ENSINO,,
2019,AGOSTO,BARCARENA,BARCARENA,RESIDENCIA PARTICULAR,,
2019,ABRIL,BARCARENA,BARCARENA,RESIDENCIA PARTICULAR,,
2019,MAIO,VILA DOS CABANOS,BARCARENA,CASA COMERCIAL,"-1,507329489","-48,62300992"
2019,AGOSTO,VILA DOS CABANOS,BARCARENA,RESIDENCIA PARTICULAR,,
2019,MARCO,BARCARENA,BARCARENA,RESIDENCIA PARTICULAR,,
2019,OUTUBRO,CENTRO DE BARCARENA,BARCARENA,RESIDENCIA PARTICULAR,"-1,512231231","-48,61995316"
2019,SETEMBRO,BARCARENA,BARCARENA,RESIDENCIA PARTICULAR,,
2019,OUTUBRO,OUTROS,VILA DOS CABANOS,RESIDENCIA PARTICULAR,,
2019,DEZEMBRO,BARCARENA,BARCARENA,RESIDENCIA PARTICULAR,,
2019,DEZEMBRO,VILA DOS CABANOS,BARCARENA,ESTABELECIMENTO DE ENSINO,"-1,5069499","-48,621702"
2019,NOVEMBRO,BARCARENA,BARCARENA,RESIDENCIA PARTICULAR,,
2019,AGOSTO,BARCARENA,BARCARENA,RESIDENCIA PARTICULAR,,
2019,DEZEMBRO,BARCARENA,BARCARENA,RESIDENCIA PARTICULAR,,
2019,OUTUBRO,BARCARENA,BARCARENA,RESIDENCIA PARTICULAR,,
2019,SETEMBRO,CENTRO DE BARCARENA,BARCARENA,RESIDENCIA PARTICULAR,,
2019,OUTUBRO,CENTRO DE BARCARENA,BARCARENA,RESIDENCIA PARTICULAR,,
2019,OUTUBRO,CENTRO DE BARCARENA,BARCARENA,RESIDENCIA PARTICULAR,"-1,512231231","-48,61995316"
2019,SETEMBRO,CENTRO DE BARCARENA,BARCARENA,RESIDENCIA PARTICULAR,,
2019,ABRIL,BARCARENA,BARCARENA,RESIDENCIA PARTICULAR,,
2019,JUNHO,CENTRO DE BARCARENA,BARCARENA,VIA PUBLICA,"-1,512231231","-48,61995316"
2019,FEVEREIRO,BARCARENA,BARCARENA,RESIDENCIA PARTICULAR,,
2019,AGOSTO,BARCARENA,BARCARENA,RESIDENCIA PARTICULAR,,
2019,AGOSTO,BARCARENA,BARCARENA,RESIDENCIA PARTICULAR,,
2019,AGOSTO,BARCARENA,BARCARENA,RESIDENCIA PARTICULAR,,
2019,ABRIL,ZONA RURAL DE BARCARENA,BARCARENA,RESIDENCIA PARTICULAR,,
2019,FEVEREIRO,CENTRO DE BARCARENA,BARCARENA,CONDOMINIO RESIDENCIAL,"-1,512231231","-48,619953156"
2019,JUNHO,BARCARENA,BARCARENA,RESIDENCIA PARTICULAR,,
2019,MAIO,BARCARENA,BARCARENA,RESIDENCIA PARTICULAR,,
2019,ABRIL,BARCARENA,BARCARENA,RESIDENCIA PARTICULAR,,
2019,JUNHO,BARCARENA,BARCARENA,RESIDENCIA PARTICULAR,,
2019,MARCO,BETANIA,BARCARENA,RESIDENCIA PARTICULAR,,
2019,JANEIRO,BARCARENA,BARCARENA,RESIDENCIA PARTICULAR,,
2019,MAIO,BARCARENA,BARCARENA,RESIDENCIA PARTICULAR,,
2019,AGOSTO,BARCARENA,BARCARENA,RESIDENCIA PARTICULAR,,
2019,OUTUBRO,BARCARENA,BARCARENA,RESIDENCIA PARTICULAR,,
2019,NOVEMBRO,BARCARENA,BARCARENA,RESIDENCIA PARTICULAR,,
2019,DEZEMBRO,VILA DOS CABANOS,BARCARENA,RESIDENCIA PARTICULAR,"-1,567180207","-48,75526428"
2019,OUTUBRO,BARCARENA,BARCARENA,RESIDENCIA PARTICULAR,,
2019,SETEMBRO,VILA DOS CABANOS,BARCARENA,RESIDENCIA PARTICULAR,,
2019,SETEMBRO,BARCARENA,BARCARENA,RESIDENCIA PARTICULAR,,
2019,DEZEMBRO,BARCARENA,BARCARENA,RESIDENCIA PARTICULAR,,
2019,NOVEMBRO,CENTRO DE BARCARENA,BARCARENA,RESIDENCIA PARTICULAR,"-1,512231231","-48,61995316"
2019,DEZEMBRO,BARCARENA,BARCARENA,RESIDENCIA PARTICULAR,,
2019,ABRIL,BARCARENA,BARCARENA,RESIDENCIA PARTICULAR,,
2019,MAIO,BARCARENA,BARCARENA,RESIDENCIA PARTICULAR,,
2019,AGOSTO,BARCARENA,BARCARENA,RESIDENCIA PARTICULAR,,
2019,JUNHO,BARCARENA,BARCARENA,RESIDENCIA PARTICULAR,,
2019,MAIO,VILA DOS CABANOS,BARCARENA,RESIDENCIA PARTICULAR,,
2019,AGOSTO,BARCARENA,BARCARENA,RESIDENCIA PARTICULAR,,
2019,MAIO,ZONA RURAL DE BARCARENA,BARCARENA,RESIDENCIA PARTICULAR,,
2019,JANEIRO,BARCARENA,BARCARENA,RESIDENCIA PARTICULAR,,
2019,JANEIRO,BARCARENA,BARCARENA,"CAFE,BAR,ETC",,
2019,MAIO,BARCARENA,BARCARENA,RESIDENCIA PARTICULAR,,
2019,MARCO,BARCARENA,BARCARENA,"CAFE,BAR,ETC",,
2019,ABRIL,VILA DOS CABANOS,BARCARENA,CASA COMERCIAL,"-1,5291367","-48,622945"
2019,FEVEREIRO,BARCARENA,BARCARENA,RESIDENCIA PARTICULAR,,
2019,JUNHO,ZONA RURAL DE BARCARENA,BARCARENA,RESIDENCIA PARTICULAR,,
2019,JANEIRO,BARCARENA,BARCARENA,RESIDENCIA PARTICULAR,,
2019,JANEIRO,VILA DOS CABANOS,BARCARENA,RESIDENCIA PARTICULAR,"-1,5077179","-48,6222375"
2019,JULHO,BARCARENA,BARCARENA,RESIDENCIA PARTICULAR,,
2019,AGOSTO,ZONA RURAL DE BARCARENA,BARCARENA,RESIDENCIA PARTICULAR,,
2019,FEVEREIRO,BARCARENA,BARCARENA,RESIDENCIA PARTICULAR,,
2019,MARCO,BARCARENA,BARCARENA,RESIDENCIA PARTICULAR,,
2019,ABRIL,VILA DOS CABANOS,BARCARENA,RESIDENCIA PARTICULAR,,
2019,JUNHO,BARCARENA,BARCARENA,RESIDENCIA PARTICULAR,,
2019,FEVEREIRO,BARCARENA,BARCARENA,RESIDENCIA PARTICULAR,,
2019,MAIO,BARCARENA,BARCARENA,RESIDENCIA PARTICULAR,,
2019,JUNHO,BARCARENA,BARCARENA,RESIDENCIA PARTICULAR,,
2019,MARCO,VILA DOS CABANOS,BARCARENA,RESIDENCIA PARTICULAR,"-1,521335","-48,6619283"
2019,SETEMBRO,BARCARENA,BARCARENA,RESIDENCIA PARTICULAR,,
2019,AGOSTO,CENTRO DE BARCARENA,BARCARENA,RESIDENCIA PARTICULAR,"-1,512231231","-48,61995316"
2019,JULHO,BARCARENA,BARCARENA,RESIDENCIA PARTICULAR,,
2019,MARCO,BARCARENA,BARCARENA,RESIDENCIA PARTICULAR,,
2019,JUNHO,BARCARENA,BARCARENA,VIA PUBLICA,,
2019,MAIO,VILA DOS CABANOS,BARCARENA,VIA PUBLICA,"-1,566916853","-48,75594854"
2020,JULHO,BARCARENA,BARCARENA,RESIDENCIA PARTICULAR,,
2020,OUTUBRO,BARCARENA,BARCARENA,RESIDENCIA PARTICULAR,,
2020,AGOSTO,BARCARENA,BARCARENA,RESIDENCIA PARTICULAR,,
2020,OUTUBRO,VILA DOS CABANOS,BARCARENA,VIA PUBLICA,"-1,5671921","-48,7570429"
2020,NOVEMBRO,BARCARENA,BARCARENA,RESIDENCIA PARTICULAR,,
2020,AGOSTO,BARCARENA,BARCARENA,RESIDENCIA PARTICULAR,,
2020,JUNHO,VILA DOS CABANOS,BARCARENA,RESIDENCIA PARTICULAR,"-1,5247833","-48,5330533"
2020,SETEMBRO,BARCARENA,BARCARENA,RESIDENCIA PARTICULAR,,
2020,JANEIRO,BARCARENA,BARCARENA,RESIDENCIA PARTICULAR,,
2020,DEZEMBRO,VILA DOS CABANOS,BARCARENA,RESIDENCIA PARTICULAR,,
2020,SETEMBRO,BARCARENA,BARCARENA,RESIDENCIA PARTICULAR,,
2020,NOVEMBRO,BARCARENA,BARCARENA,RESIDENCIA PARTICULAR,,
2020,NOVEMBRO,VILA DOS CABANOS,BARCARENA,RESIDENCIA PARTICULAR,,
2020,JULHO,VILA DOS CABANOS,BARCARENA,RESIDENCIA PARTICULAR,"-1,4966705","-48,6152867"
2020,OUTUBRO,BARCARENA,BARCARENA,RESIDENCIA PARTICULAR,,
2020,DEZEMBRO,BARCARENA,BARCARENA,RESIDENCIA PARTICULAR,,
2020,DEZEMBRO,BARCARENA,BARCARENA,RESIDENCIA PARTICULAR,,
2020,DEZEMBRO,BARCARENA,BARCARENA,RESIDENCIA PARTICULAR,,
2020,JULHO,CENTRO DE BARCARENA,BARCARENA,RESIDENCIA PARTICULAR,"-1,512231231","-48,619953156"
2020,DEZEMBRO,VILA DOS CABANOS,BARCARENA,RESIDENCIA PARTICULAR,,
2020,OUTUBRO,BARCARENA,BARCARENA,OUTROS,,
2020,FEVEREIRO,VILA DOS CABANOS,BARCARENA,RESIDENCIA PARTICULAR,-1.5077179,-48.6222375
2020,JULHO,VILA DOS CABANOS,BARCARENA,RESIDENCIA PARTICULAR,,
2020,OUTUBRO,BARCARENA,BARCARENA,RESIDENCIA PARTICULAR,,
2020,OUTUBRO,BARCARENA,BARCARENA,RESIDENCIA PARTICULAR,,
2020,NOVEMBRO,BARCARENA,BARCARENA,RESIDENCIA PARTICULAR,,
2020,NOVEMBRO,BARCARENA,BARCARENA,RESIDENCIA PARTICULAR,,
2020,JUNHO,BARCARENA,BARCARENA,RESIDENCIA PARTICULAR,,
2020,JANEIRO,VILA DOS CABANOS,BARCARENA,RESIDENCIA PARTICULAR,"-1,5077179","-48,6222375"
2020,FEVEREIRO,CENTRO DE BARCARENA,BARCARENA,RESIDENCIA PARTICULAR,"-1,512231231","-48,61995316"
2020,JUNHO,ZONA RURAL DE BARCARENA,BARCARENA,RESIDENCIA PARTICULAR,,
2020,JULHO,VILA DOS CABANOS,BARCARENA,RESIDENCIA PARTICULAR,,
2020,NOVEMBRO,BARCARENA,BARCARENA,RESIDENCIA PARTICULAR,,
2020,AGOSTO,ZONA RURAL DE BARCARENA,BARCARENA,RESIDENCIA PARTICULAR,,
2020,JULHO,BARCARENA,BARCARENA,RESIDENCIA PARTICULAR,,
2020,JUNHO,BARCARENA,BARCARENA,RESIDENCIA PARTICULAR,,
2020,MARCO,VILA DOS CABANOS,BARCARENA,RESIDENCIA PARTICULAR,,
2020,JANEIRO,VILA DOS CABANOS,BARCARENA,RESIDENCIA PARTICULAR,,
2020,FEVEREIRO,ZONA RURAL DE BARCARENA,BARCARENA,RESIDENCIA PARTICULAR,,
2020,FEVEREIRO,BARCARENA,BARCARENA,RESIDENCIA PARTICULAR,,
2020,JANEIRO,BARCARENA,BARCARENA,RESIDENCIA PARTICULAR,,
2020,MARCO,ZONA RURAL DE BARCARENA,BARCARENA,RESIDENCIA PARTICULAR,,
2020,JANEIRO,BARCARENA,BARCARENA,RESIDENCIA PARTICULAR,,
2020,FEVEREIRO,BARCARENA,BARCARENA,RESIDENCIA PARTICULAR,,
2020,FEVEREIRO,BARCARENA,BARCARENA,RESIDENCIA PARTICULAR,,
2020,ABRIL,ZONA RURAL DE BARCARENA,BARCARENA,RESIDENCIA PARTICULAR,,
2020,ABRIL,BARCARENA,BARCARENA,RESIDENCIA PARTICULAR,,
2020,JANEIRO,BARCARENA,BARCARENA,RESIDENCIA PARTICULAR,,
2020,FEVEREIRO,BARCARENA,BARCARENA,RESIDENCIA PARTICULAR,,
2020,FEVEREIRO,ZONA RURAL DE BARCARENA,BARCARENA,RESIDENCIA PARTICULAR,,
2020,FEVEREIRO,VILA DOS CABANOS,BARCARENA,RESIDENCIA PARTICULAR,,
2020,JANEIRO,VILA DOS CABANOS,BARCARENA,RESIDENCIA PARTICULAR,,
2020,JULHO,VILA DOS CABANOS,BARCARENA,RESIDENCIA PARTICULAR,,
2020,JULHO,ZONA RURAL DE BARCARENA,BARCARENA,RESIDENCIA PARTICULAR,,
2020,FEVEREIRO,VILA DOS CABANOS,BARCARENA,RESIDENCIA PARTICULAR,,
2020,MARCO,ZONA RURAL DE BARCARENA,BARCARENA,RESIDENCIA PARTICULAR,,
2020,NOVEMBRO,VILA DOS CABANOS,BARCARENA,RESIDENCIA PARTICULAR,"-1,5671962945376","-48,756251335144"
2021,JUNHO,CENTRO DE BARCARENA,BARCARENA,RESIDENCIA PARTICULAR,"-1,512231231","-48,619953156"
2021,OUTUBRO,CENTRO DE BARCARENA,BARCARENA,RESIDENCIA PARTICULAR,"-1,512231231","-48,619953156"
2021,DEZEMBRO,CENTRO DE BARCARENA,BARCARENA,VIA PUBLICA,"-1,512231231","-48,619953156"
2021,AGOSTO,CENTRO DE BARCARENA,BARCARENA,RESIDENCIA PARTICULAR,"-1,512231231","-48,619953156"
2021,ABRIL,CENTRO DE BARCARENA,BARCARENA,RESIDENCIA PARTICULAR,"-1,512231231","-48,619953156"
2021,JULHO,CENTRO DE BARCARENA,BARCARENA,RESIDENCIA PARTICULAR,"-1,512231231","-48,619953156"
2021,NOVEMBRO,VILA DOS CABANOS,BARCARENA,RESIDENCIA PARTICULAR,"-1,5762767","-48,608325"
2021,JANEIRO,VILA DOS CABANOS,BARCARENA,RESIDENCIA PARTICULAR,,
2021,SETEMBRO,VILA DOS CABANOS,BARCARENA,RESIDENCIA PARTICULAR,"-1,5140995","-48,6144171"
2021,SETEMBRO,CENTRO DE BARCARENA,BARCARENA,RESIDENCIA PARTICULAR,"-1,512231231","-48,619953156"
2021,JANEIRO,BARCARENA,BARCARENA,RESIDENCIA PARTICULAR,,
2021,OUTUBRO,VILA DOS CABANOS,BARCARENA,RESIDENCIA PARTICULAR,"-1,6626117","-48,6523983"
2021,JANEIRO,VILA DOS CABANOS,BARCARENA,RESIDENCIA PARTICULAR,,
2021,JANEIRO,CENTRO DE BARCARENA,BARCARENA,RESIDENCIA PARTICULAR,"-1,512231231","-48,619953156"
2021,DEZEMBRO,CENTRO DE BARCARENA,BARCARENA,RESIDENCIA PARTICULAR,"-1,512231231","-48,619953156"
2021,DEZEMBRO,CENTRO DE BARCARENA,BARCARENA,RESIDENCIA PARTICULAR,"-1,512231231","-48,619953156"
2021,AGOSTO,CENTRO DE BARCARENA,BARCARENA,RESIDENCIA PARTICULAR,"-1,512231231","-48,619953156"
2021,AGOSTO,CENTRO DE BARCARENA,BARCARENA,RESIDENCIA PARTICULAR,"-1,512231231","-48,619953156"
2021,OUTUBRO,CENTRO DE BARCARENA,BARCARENA,RESIDENCIA PARTICULAR,"-1,512231231","-48,619953156"
2021,AGOSTO,CENTRO DE BARCARENA,BARCARENA,RESIDENCIA PARTICULAR,"-1,512231231","-48,619953156"
2021,FEVEREIRO,CENTRO DE BARCARENA,BARCARENA,RESIDENCIA PARTICULAR,"-1,512231231","-48,619953156"
2021,NOVEMBRO,CENTRO DE BARCARENA,BARCARENA,RESIDENCIA PARTICULAR,"-1,512231231","-48,619953156"
2021,AGOSTO,CENTRO DE BARCARENA,BARCARENA,RESIDENCIA PARTICULAR,"-1,512231231","-48,619953156"
2021,AGOSTO,CENTRO DE BARCARENA,BARCARENA,HOSPITAL,"-1,512231231","-48,619953156"
2021,SETEMBRO,VILA DOS CABANOS,BARCARENA,RESIDENCIA PARTICULAR,"-1,5077179","-48,6222375"
2021,OUTUBRO,CENTRO DE BARCARENA,BARCARENA,CASA COMERCIAL,"-1,512231231","-48,619953156"
2021,MAIO,CENTRO DE BARCARENA,BARCARENA,RESIDENCIA PARTICULAR,"-1,512231231","-48,619953156"
2021,AGOSTO,CENTRO DE BARCARENA,BARCARENA,RESIDENCIA PARTICULAR,"-1,512231231","-48,619953156"
2021,DEZEMBRO,VILA DOS CABANOS,BARCARENA,RESIDENCIA PARTICULAR,"-1,4966705","-48,6152867"
2021,JUNHO,VILA DOS CABANOS,BARCARENA,RESIDENCIA PARTICULAR,"-1,5077179","-48,6222375"
2021,JANEIRO,BARCARENA,BARCARENA,RESIDENCIA PARTICULAR,,
2021,JANEIRO,BARCARENA,BARCARENA,RESIDENCIA PARTICULAR,,
2021,JANEIRO,ZONA RURAL DE BARCARENA,BARCARENA,RESIDENCIA PARTICULAR,,
2021,OUTUBRO,CENTRO DE BARCARENA,BARCARENA,RESIDENCIA PARTICULAR,"-1,512231231","-48,619953156"
2021,AGOSTO,CENTRO DE BARCARENA,BARCARENA,RESIDENCIA PARTICULAR,"-1,512231231","-48,619953156"
2021,AGOSTO,CENTRO DE BARCARENA,BARCARENA,RESIDENCIA PARTICULAR,"-1,512231231","-48,619953156"
2021,AGOSTO,CENTRO DE BARCARENA,BARCARENA,RESIDENCIA PARTICULAR,"-1,512231231","-48,619953156"
2021,JUNHO,CENTRO DE BARCARENA,BARCARENA,RESIDENCIA PARTICULAR,"-1,512231231","-48,619953156"
2021,OUTUBRO,CENTRO DE BARCARENA,BARCARENA,"MAR, RIO, LAGOA","-1,512231231","-48,619953156"
2021,AGOSTO,CENTRO DE BARCARENA,BARCARENA,ESTABELECIMENTO DE ENSINO,"-1,512231231","-48,619953156"
2021,JULHO,CENTRO DE BARCARENA,BARCARENA,RESIDENCIA PARTICULAR,"-1,512231231","-48,619953156"
2021,JULHO,CENTRO DE BARCARENA,BARCARENA,RESIDENCIA PARTICULAR,"-1,512231231","-48,619953156"
2021,JUNHO,VILA DOS CABANOS,BARCARENA,RESIDENCIA PARTICULAR,"-1,5077179","-48,6222375"
2021,MAIO,CENTRO DE BARCARENA,BARCARENA,RESIDENCIA PARTICULAR,"-1,512231231","-48,619953156"
2021,JUNHO,VILA DOS CABANOS,BARCARENA,VIA PUBLICA,"-1,5077179","-48,6222375"
2021,ABRIL,CENTRO DE BARCARENA,BARCARENA,RESIDENCIA PARTICULAR,"-1,512231231","-48,619953156"
2021,MAIO,CENTRO DE BARCARENA,BARCARENA,RESIDENCIA PARTICULAR,"-1,512231231","-48,619953156"
2021,MARCO,CENTRO DE BARCARENA,BARCARENA,RESIDENCIA PARTICULAR,"-1,512231231","-48,619953156"
2021,MARCO,CENTRO DE BARCARENA,BARCARENA,RESIDENCIA PARTICULAR,"-1,512231231","-48,619953156"
2021,MARCO,CENTRO DE BARCARENA,BARCARENA,RESIDENCIA PARTICULAR,"-1,512231231","-48,619953156"
2021,MARCO,CENTRO DE BARCARENA,BARCARENA,RESIDENCIA PARTICULAR,"-1,512231231","-48,619953156"
2021,MARCO,CENTRO DE BARCARENA,BARCARENA,RESIDENCIA PARTICULAR,"-1,512231231","-48,619953156"
2021,FEVEREIRO,CENTRO DE BARCARENA,BARCARENA,RESIDENCIA PARTICULAR,"-1,512231231","-48,619953156"
2022,FEVEREIRO,CENTRO DE BARCARENA,BARCARENA,RESIDENCIA PARTICULAR,"-1,512231231","-48,619953156"
2022,MARCO,CENTRO DE BARCARENA,BARCARENA,RESIDENCIA PARTICULAR,"-1,512231231","-48,619953156"
2022,JUNHO,CENTRO DE BARCARENA,BARCARENA,RESIDENCIA PARTICULAR,"-1,512231231","-48,619953156"
2022,ABRIL,CENTRO DE BARCARENA,BARCARENA,RESIDENCIA PARTICULAR,"-1,512231231","-48,619953156"
2022,NOVEMBRO,CENTRO DE BARCARENA,BARCARENA,IGARAPE,"-1,512231231","-48,619953156"
2022,NOVEMBRO,CENTRO DE BARCARENA,BARCARENA,RESIDENCIA,"-1,512231231","-48,619953156"
2022,MARCO,CENTRO DE BARCARENA,BARCARENA,RESIDENCIA PARTICULAR,"-1,512231231","-48,619953156"
2022,SETEMBRO,CENTRO DE BARCARENA,BARCARENA,RESIDENCIA PARTICULAR,"-1,512231231","-48,619953156"
2022,SETEMBRO,CENTRO DE BARCARENA,BARCARENA,RESIDENCIA PARTICULAR,"-1,512231231","-48,619953156"
2022,NOVEMBRO,CENTRO DE BARCARENA,BARCARENA,RESIDENCIA PARTICULAR,"-1,512231231","-48,619953156"
2022,FEVEREIRO,CENTRO DE BARCARENA,BARCARENA,RESIDENCIA PARTICULAR,"-1,512231231","-48,619953156"
2022,SETEMBRO,CENTRO DE BARCARENA,BARCARENA,RESIDENCIA PARTICULAR,"-1,512231231","-48,619953156"
2022,NOVEMBRO,CENTRO DE BARCARENA,BARCARENA,RESIDENCIA,"-1,512231231","-48,619953156"
2022,OUTUBRO,CENTRO DE BARCARENA,BARCARENA,RESIDENCIA PARTICULAR,"-1,512231231","-48,619953156"
2022,JUNHO,CENTRO DE BARCARENA,BARCARENA,RESIDENCIA PARTICULAR,"-1,512231231","-48,619953156"
2022,DEZEMBRO,CENTRO DE BARCARENA,BARCARENA,RESIDENCIA,"-1,512231231","-48,619953156"
2022,DEZEMBRO,VILA DOS CABANOS,BARCARENA,RESIDENCIA,"-1,5671921","-48,7570429"
2022,NOVEMBRO,VILA DOS CABANOS,BARCARENA,VIA PUBLICA,"-1,5077179","-48,6222375"
2022,MAIO,CENTRO DE BARCARENA,BARCARENA,RESIDENCIA PARTICULAR,"-1,512231231","-48,619953156"
2022,MAIO,CENTRO DE BARCARENA,BARCARENA,RESIDENCIA PARTICULAR,"-1,512231231","-48,619953156"
2022,MAIO,CENTRO DE BARCARENA,BARCARENA,RESIDENCIA PARTICULAR,"-1,512231231","-48,619953156"
2022,MARCO,CENTRO DE BARCARENA,BARCARENA,RESIDENCIA PARTICULAR,"-1,512231231","-48,619953156"
2022,DEZEMBRO,CENTRO DE BARCARENA,BARCARENA,RESIDENCIA PARTICULAR,"-1,512231231","-48,619953156"
2022,SETEMBRO,CENTRO DE BARCARENA,BARCARENA,RESIDENCIA PARTICULAR,"-1,512231231","-48,619953156"
2022,SETEMBRO,CENTRO DE BARCARENA,BARCARENA,RESIDENCIA PARTICULAR,"-1,512231231","-48,619953156"
2022,OUTUBRO,CENTRO DE BARCARENA,BARCARENA,RESIDENCIA PARTICULAR,"-1,512231231","-48,619953156"
2022,DEZEMBRO,CENTRO DE BARCARENA,BARCARENA,RESIDENCIA PARTICULAR,"-1,512231231","-48,619953156"
2022,OUTUBRO,CENTRO DE BARCARENA,BARCARENA,RESIDENCIA PARTICULAR,"-1,512231231","-48,619953156"
2022,JUNHO,CENTRO DE BARCARENA,BARCARENA,RESIDENCIA PARTICULAR,"-1,512231231","-48,619953156"
2022,AGOSTO,CENTRO DE BARCARENA,BARCARENA,RESIDENCIA PARTICULAR,"-1,512231231","-48,619953156"
2022,FEVEREIRO,CENTRO DE BARCARENA,BARCARENA,RESIDENCIA PARTICULAR,"-1,512231231","-48,619953156"
2022,JULHO,CENTRO DE BARCARENA,BARCARENA,RESIDENCIA PARTICULAR,"-1,512231231","-48,619953156"
2022,ABRIL,CENTRO DE BARCARENA,BARCARENA,RESIDENCIA PARTICULAR,"-1,512231231","-48,619953156"
2022,NOVEMBRO,CENTRO DE BARCARENA,BARCARENA,RESIDENCIA PARTICULAR,"-1,512231231","-48,619953156"
2022,SETEMBRO,CENTRO DE BARCARENA,BARCARENA,RESIDENCIA PARTICULAR,"-1,512231231","-48,619953156"
2022,OUTUBRO,CENTRO DE BARCARENA,BARCARENA,VIA PUBLICA,"-1,512231231","-48,619953156"
2022,AGOSTO,CENTRO DE BARCARENA,BARCARENA,RESIDENCIA,"-1,512231231","-48,619953156"
2022,AGOSTO,CENTRO DE BARCARENA,BARCARENA,RESIDENCIA,"-1,512231231","-48,619953156"
2022,ABRIL,VILA DOS CABANOS,BARCARENA,RESIDENCIA PARTICULAR,"-1,5077179","-48,6222375"
2022,SETEMBRO,CENTRO DE BARCARENA,BARCARENA,RESIDENCIA PARTICULAR,"-1,512231231","-48,619953156"
2022,SETEMBRO,CENTRO DE BARCARENA,BARCARENA,RESIDENCIA PARTICULAR,"-1,512231231","-48,619953156"
2022,OUTUBRO,CENTRO DE BARCARENA,BARCARENA,RESIDENCIA,"-1,512231231","-48,619953156"
2022,MAIO,CENTRO DE BARCARENA,BARCARENA,RESIDENCIA PARTICULAR,"-1,512231231","-48,619953156"
2022,MARCO,CENTRO DE BARCARENA,BARCARENA,RESIDENCIA PARTICULAR,"-1,512231231","-48,619953156"
2022,SETEMBRO,CENTRO DE BARCARENA,BARCARENA,RESIDENCIA PARTICULAR,"-1,512231231","-48,619953156"
2022,JANEIRO,CENTRO DE BARCARENA,BARCARENA,RESIDENCIA PARTICULAR,"-1,512231231","-48,619953156"
2022,ABRIL,CENTRO DE BARCARENA,BARCARENA,RESIDENCIA PARTICULAR,"-1,512231231","-48,619953156"
2022,AGOSTO,CENTRO DE BARCARENA,BARCARENA,RESIDENCIA PARTICULAR,"-1,512231231","-48,619953156"
2022,NOVEMBRO,CENTRO DE BARCARENA,BARCARENA,RESIDENCIA PARTICULAR,"-1,512231231","-48,619953156"
2022,AGOSTO,CENTRO DE BARCARENA,BARCARENA,RESIDENCIA PARTICULAR,"-1,512231231","-48,619953156"
2022,NOVEMBRO,CENTRO DE BARCARENA,BARCARENA,RESIDENCIA,"-1,512231231","-48,619953156"
2022,AGOSTO,CENTRO DE BARCARENA,BARCARENA,RESIDENCIA PARTICULAR,"-1,512231231","-48,619953156"
2022,DEZEMBRO,CENTRO DE BARCARENA,BARCARENA,RESIDENCIA PARTICULAR,"-1,512231231","-48,619953156"
2022,ABRIL,CENTRO DE BARCARENA,BARCARENA,RESIDENCIA PARTICULAR,"-1,512231231","-48,619953156"
2022,OUTUBRO,CENTRO DE BARCARENA,BARCARENA,RESIDENCIA PARTICULAR,"-1,512231231","-48,619953156"
2022,SETEMBRO,VILA DOS CABANOS,BARCARENA,RESIDENCIA,"-1,5671921","-48,7570429"
2022,SETEMBRO,CENTRO DE BARCARENA,BARCARENA,ESTABELECIMENTO DE ENSINO,"-1,512231231","-48,619953156"
2022,ABRIL,CENTRO DE BARCARENA,BARCARENA,RESIDENCIA PARTICULAR,"-1,512231231","-48,619953156"
2022,ABRIL,CENTRO DE BARCARENA,BARCARENA,RESIDENCIA PARTICULAR,"-1,512231231","-48,619953156"
2022,JUNHO,CENTRO DE BARCARENA,BARCARENA,RESIDENCIA PARTICULAR,"-1,512231231","-48,619953156"
2022,AGOSTO,CENTRO DE BARCARENA,BARCARENA,RESIDENCIA PARTICULAR,"-1,512231231","-48,619953156"
2022,JULHO,CENTRO DE BARCARENA,BARCARENA,RESIDENCIA,"-1,512231231","-48,619953156"
2022,DEZEMBRO,CENTRO DE BARCARENA,BARCARENA,RESIDENCIA,"-1,512231231","-48,619953156"
2022,DEZEMBRO,CENTRO DE BARCARENA,BARCARENA,RESIDENCIA,"-1,512231231","-48,619953156"
2022,OUTUBRO,CENTRO DE BARCARENA,BARCARENA,RESIDENCIA,"-1,512231231","-48,619953156"
2022,OUTUBRO,CENTRO DE BARCARENA,BARCARENA,HOSPITAL,"-1,512231231","-48,619953156"
2022,SETEMBRO,CENTRO DE BARCARENA,BARCARENA,AREA RURAL,"-1,512231231","-48,619953156"
2022,JANEIRO,CENTRO DE BARCARENA,BARCARENA,RESIDENCIA PARTICULAR,"-1,512231231","-48,619953156"
2022,DEZEMBRO,CENTRO DE BARCARENA,BARCARENA,RESIDENCIA,"-1,512231231","-48,619953156"
2022,OUTUBRO,CENTRO DE BARCARENA,BARCARENA,RESIDENCIA PARTICULAR,"-1,512231231","-48,619953156"
2022,JULHO,CENTRO DE BARCARENA,BARCARENA,RESIDENCIA PARTICULAR,"-1,512231231","-48,619953156"
2022,OUTUBRO,CENTRO DE BARCARENA,BARCARENA,AREA RURAL,"-1,512231231","-48,619953156"
2022,AGOSTO,VILA DOS CABANOS,BARCARENA,RESIDENCIA PARTICULAR,"-1,539235","-48,613685"
2022,SETEMBRO,CENTRO DE BARCARENA,BARCARENA,RESIDENCIA,"-1,512231231","-48,619953156"
2022,SETEMBRO,CENTRO DE BARCARENA,BARCARENA,ESTABELECIMENTO DE ENSINO,"-1,512231231","-48,619953156"
2022,JULHO,CENTRO DE BARCARENA,BARCARENA,RESIDENCIA PARTICULAR,"-1,512231231","-48,619953156"
2022,AGOSTO,VILA DOS CABANOS,BARCARENA,VIA PUBLICA,"-1,5671921","-48,7570429"
2023,JANEIRO,CENTRO DE BARCARENA,BARCARENA,RESIDENCIA PARTICULAR,"-1,512231231","-48,619953156"
2023,JANEIRO,CENTRO DE BARCARENA,BARCARENA,RESIDENCIA PARTICULAR,"-1,512231231","-48,619953156"
2023,NOVEMBRO,VILA DOS CABANOS,BARCARENA,"HOTEL, PENSAO, ETC","-1,5098275","-48,6269286"
2023,DEZEMBRO,CENTRO DE BARCARENA,BARCARENA,RESIDENCIA PARTICULAR,"-1,512231231","-48,619953156"
2023,SETEMBRO,CENTRO DE BARCARENA,BARCARENA,RESIDENCIA PARTICULAR,"-1,512231231","-48,619953156"
2023,SETEMBRO,CENTRO DE BARCARENA,BARCARENA,RESIDENCIA,"-1,512231231","-48,619953156"
2023,JULHO,CENTRO DE BARCARENA,BARCARENA,RESIDENCIA PARTICULAR,"-1,512231231","-48,619953156"
2023,JANEIRO,CENTRO DE BARCARENA,BARCARENA,RESIDENCIA PARTICULAR,"-1,512231231","-48,619953156"
2023,AGOSTO,CENTRO DE BARCARENA,BARCARENA,ESTABELECIMENTO COMERCIAL,"-1,512231231","-48,619953156"
2023,FEVEREIRO,CENTRO DE BARCARENA,BARCARENA,OUTROS,"-1,512231231","-48,619953156"
2023,JULHO,CENTRO DE BARCARENA,BARCARENA,RESIDENCIA PARTICULAR,"-1,512231231","-48,619953156"
2023,OUTUBRO,CENTRO DE BARCARENA,BARCARENA,RESIDENCIA,"-1,512231231","-48,619953156"
2023,ABRIL,CENTRO DE BARCARENA,BARCARENA,TEMPLOS RELIGIOSOS,"-1,512231231","-48,619953156"
2023,JANEIRO,CENTRO DE BARCARENA,BARCARENA,RESIDENCIA PARTICULAR,"-1,512231231","-48,619953156"
2023,JULHO,CENTRO DE BARCARENA,BARCARENA,RESIDENCIA,"-1,512231231","-48,619953156"
2023,SETEMBRO,CENTRO DE BARCARENA,BARCARENA,LOGRADORO PUBLICO,"-1,512231231","-48,619953156"
2023,AGOSTO,CENTRO DE BARCARENA,BARCARENA,RESIDENCIA,"-1,512231231","-48,619953156"
2023,NOVEMBRO,VILA DOS CABANOS,BARCARENA,RESIDENCIA,"-1,5075715","-48,6284065"
2023,MAIO,CENTRO DE BARCARENA,BARCARENA,RESIDENCIA PARTICULAR,"-1,512231231","-48,619953156"
2023,JUNHO,CENTRO DE BARCARENA,BARCARENA,RESIDENCIA PARTICULAR,"-1,512231231","-48,619953156"
2023,JULHO,CENTRO DE BARCARENA,BARCARENA,RESIDENCIA PARTICULAR,"-1,512231231","-48,619953156"
2023,JULHO,CENTRO DE BARCARENA,BARCARENA,RESIDENCIA PARTICULAR,"-1,512231231","-48,619953156"
2023,JULHO,CENTRO DE BARCARENA,BARCARENA,RESIDENCIA PARTICULAR,"-1,512231231","-48,619953156"
2023,MARCO,CENTRO DE BARCARENA,BARCARENA,RESIDENCIA PARTICULAR,"-1,512231231","-48,619953156"
2023,AGOSTO,CENTRO DE BARCARENA,BARCARENA,RESIDENCIA PARTICULAR,"-1,512231231","-48,619953156"
2023,ABRIL,CENTRO DE BARCARENA,BARCARENA,EMBARCACAO,"-1,512231231","-48,619953156"
2023,OUTUBRO,CENTRO DE BARCARENA,BARCARENA,RESIDENCIA PARTICULAR,"-1,512231231","-48,619953156"
2023,NOVEMBRO,CENTRO DE BARCARENA,BARCARENA,RESIDENCIA PARTICULAR,"-1,512231231","-48,619953156"
2023,MARCO,CENTRO DE BARCARENA,BARCARENA,RESIDENCIA PARTICULAR,"-1,512231231","-48,619953156"
2023,SETEMBRO,CENTRO DE BARCARENA,BARCARENA,RESIDENCIA PARTICULAR,"-1,512231231","-48,619953156"
2023,MAIO,CENTRO DE BARCARENA,BARCARENA,RESIDENCIA PARTICULAR,"-1,512231231","-48,619953156"
2023,MARCO,VILA DOS CABANOS,BARCARENA,RESIDENCIA PARTICULAR,"-1,5077179","-48,6222375"
2023,AGOSTO,CENTRO DE BARCARENA,BARCARENA,RESIDENCIA,"-1,512231231","-48,619953156"
2023,MARCO,CENTRO DE BARCARENA,BARCARENA,RESIDENCIA PARTICULAR,"-1,512231231","-48,619953156"
2023,MARCO,CENTRO DE BARCARENA,BARCARENA,RESIDENCIA PARTICULAR,"-1,512231231","-48,619953156"
2023,DEZEMBRO,VILA DOS CABANOS,BARCARENA,CLUBES E AGREMIACOES,"-1,5077179","-48,6222375"
2023,SETEMBRO,CENTRO DE BARCARENA,BARCARENA,RESIDENCIA,"-1,512231231","-48,619953156"
2023,SETEMBRO,CENTRO DE BARCARENA,BARCARENA,RESIDENCIA,"-1,512231231","-48,619953156"
2023,AGOSTO,CENTRO DE BARCARENA,BARCARENA,ESTABELECIMENTO COMERCIAL,"-1,512231231","-48,619953156"
2023,JUNHO,CENTRO DE BARCARENA,BARCARENA,RESIDENCIA PARTICULAR,"-1,512231231","-48,619953156"
2023,SETEMBRO,CENTRO DE BARCARENA,BARCARENA,RESIDENCIA,"-1,512231231","-48,619953156"
2023,OUTUBRO,CENTRO DE BARCARENA,BARCARENA,VIA PUBLICA,"-1,512231231","-48,619953156"
2023,AGOSTO,CENTRO DE BARCARENA,BARCARENA,RESIDENCIA,"-1,512231231","-48,619953156"
2023,MAIO,CENTRO DE BARCARENA,BARCARENA,RESIDENCIA PARTICULAR,"-1,512231231","-48,619953156"
2023,JUNHO,CENTRO DE BARCARENA,BARCARENA,RESIDENCIA,"-1,512231231","-48,619953156"
2023,OUTUBRO,VILA DOS CABANOS,BARCARENA,RESIDENCIA PARTICULAR,"-1,5077179","-48,6222375"
2023,NOVEMBRO,CENTRO DE BARCARENA,BARCARENA,RESIDENCIA PARTICULAR,"-1,512231231","-48,619953156"
2023,JANEIRO,CENTRO DE BARCARENA,BARCARENA,RESIDENCIA PARTICULAR,"-1,512231231","-48,619953156"
2023,FEVEREIRO,CENTRO DE BARCARENA,BARCARENA,RESIDENCIA PARTICULAR,"-1,512231231","-48,619953156"
2023,AGOSTO,CENTRO DE BARCARENA,BARCARENA,RESIDENCIA,"-1,512231231","-48,619953156"
2023,OUTUBRO,CENTRO DE BARCARENA,BARCARENA,RESIDENCIA,"-1,512231231","-48,619953156"
2023,FEVEREIRO,CENTRO DE BARCARENA,BARCARENA,RESIDENCIA PARTICULAR,"-1,512231231","-48,619953156"
2023,NOVEMBRO,CENTRO DE BARCARENA,BARCARENA,VIA PUBLICA,"-1,512231231","-48,619953156"
2023,NOVEMBRO,VILA DOS CABANOS,BARCARENA,RESIDENCIA,"-1,5744283","-48,7477333"
2023,MAIO,CENTRO DE BARCARENA,BARCARENA,RESIDENCIA,"-1,512231231","-48,619953156"
2023,SETEMBRO,CENTRO DE BARCARENA,BARCARENA,RESIDENCIA PARTICULAR,"-1,512231231","-48,619953156"
2023,JANEIRO,CENTRO DE BARCARENA,BARCARENA,RESIDENCIA PARTICULAR,"-1,512231231","-48,619953156"
2023,MARCO,CENTRO DE BARCARENA,BARCARENA,ESTABELECIMENTO DE ENSINO,"-1,512231231","-48,619953156"
2023,ABRIL,CENTRO DE BARCARENA,BARCARENA,TEMPLOS RELIGIOSOS,"-1,512231231","-48,619953156"
2023,NOVEMBRO,CENTRO DE BARCARENA,BARCARENA,RESIDENCIA PARTICULAR,"-1,512231231","-48,619953156"
2023,MAIO,CENTRO DE BARCARENA,BARCARENA,RESIDENCIA PARTICULAR,"-1,512231231","-48,619953156"
2023,MAIO,CENTRO DE BARCARENA,BARCARENA,RESIDENCIA,"-1,512231231","-48,619953156"
2023,JULHO,CENTRO DE BARCARENA,BARCARENA,RESIDENCIA PARTICULAR,"-1,512231231","-48,619953156"
2023,MARCO,CENTRO DE BARCARENA,BARCARENA,RESIDENCIA PARTICULAR,"-1,512231231","-48,619953156"
2023,JULHO,VILA DOS CABANOS,BARCARENA,RESIDENCIA,"-1,5077179","-48,6222375"
2023,JUNHO,CENTRO DE BARCARENA,BARCARENA,RESIDENCIA,"-1,512231231","-48,619953156"
2023,SETEMBRO,VILA DOS CABANOS,BARCARENA,AMBIENTE VIRTUAL (INTERNET),"-1,5671921","-48,7570429"
2023,NOVEMBRO,CENTRO DE BARCARENA,BARCARENA,RESIDENCIA,"-1,512231231","-48,619953156"
2023,JANEIRO,CENTRO DE BARCARENA,BARCARENA,RESIDENCIA PARTICULAR,"-1,512231231","-48,619953156"
2023,DEZEMBRO,CENTRO DE BARCARENA,BARCARENA,RESIDENCIA,"-1,512231231","-48,619953156"
2023,MARCO,CENTRO DE BARCARENA,BARCARENA,RESIDENCIA,"-1,512231231","-48,619953156"
2023,ABRIL,CENTRO DE BARCARENA,BARCARENA,RESIDENCIA,"-1,512231231","-48,619953156"
2023,JUNHO,CENTRO DE BARCARENA,BARCARENA,RESIDENCIA,"-1,512231231","-48,619953156"
2023,MARCO,CENTRO DE BARCARENA,BARCARENA,OUTRO,"-1,512231231","-48,619953156"
2023,FEVEREIRO,CENTRO DE BARCARENA,BARCARENA,OUTROS,"-1,512231231","-48,619953156"
2023,JUNHO,VILA DOS CABANOS,BARCARENA,RESIDENCIA PARTICULAR,"-1,512941","-48,6246776"
2023,DEZEMBRO,CENTRO DE BARCARENA,BARCARENA,RESIDENCIA,"-1,512231231","-48,619953156"
2023,NOVEMBRO,CENTRO DE BARCARENA,BARCARENA,RESIDENCIA,"-1,512231231","-48,619953156"
2023,OUTUBRO,CENTRO DE BARCARENA,BARCARENA,RESIDENCIA,"-1,512231231","-48,619953156"
2023,JUNHO,CENTRO DE BARCARENA,BARCARENA,RESIDENCIA,"-1,512231231","-48,619953156"
2023,ABRIL,CENTRO DE BARCARENA,BARCARENA,RESIDENCIA,"-1,512231231","-48,619953156"
2023,MARCO,CENTRO DE BARCARENA,BARCARENA,RESIDENCIA PARTICULAR,"-1,512231231","-48,619953156"
2023,OUTUBRO,CENTRO DE BARCARENA,BARCARENA,RESIDENCIA,"-1,512231231","-48,619953156"
2023,MARCO,CENTRO DE BARCARENA,BARCARENA,RESIDENCIA PARTICULAR,"-1,512231231","-48,619953156"
2024,SETEMBRO,VILA DOS CABANOS,BARCARENA,RESIDENCIA PARTICULAR,"-1,5056895","-48,6142504"
2024,SETEMBRO,CENTRO DE BARCARENA,BARCARENA,RESIDENCIA PARTICULAR,"-1,512231231","-48,619953156"
2024,OUTUBRO,CENTRO DE BARCARENA,BARCARENA,SEM INFORMACAO,"-1,512231231","-48,619953156"
2024,OUTUBRO,CENTRO DE BARCARENA,BARCARENA,RESIDENCIA PARTICULAR,"-1,512231231","-48,619953156"
2024,OUTUBRO,CENTRO DE BARCARENA,BARCARENA,RESIDENCIA PARTICULAR,"-1,512231231","-48,619953156"
2024,OUTUBRO,CENTRO DE BARCARENA,BARCARENA,ESTABELECIMENTO COMERCIAL,"-1,512231231","-48,619953156"
2024,OUTUBRO,CENTRO DE BARCARENA,BARCARENA,RESIDENCIA,"-1,512231231","-48,619953156"
2024,OUTUBRO,CENTRO DE BARCARENA,BARCARENA,RESIDENCIA PARTICULAR,"-1,512231231","-48,619953156"
2024,OUTUBRO,CENTRO DE BARCARENA,BARCARENA,RESIDENCIA,"-1,512231231","-48,619953156"
2024,OUTUBRO,CENTRO DE BARCARENA,BARCARENA,RESIDENCIA,"-1,512231231","-48,619953156"
2024,OUTUBRO,VILA DOS CABANOS,BARCARENA,VIA PUBLICA,"-1,5077179","-48,6222375"
2024,OUTUBRO,CENTRO DE BARCARENA,BARCARENA,RESIDENCIA,"-1,512231231","-48,619953156"
2024,SETEMBRO,CENTRO DE BARCARENA,BARCARENA,RESIDENCIA PARTICULAR,"-1,512231231","-48,619953156"
2024,OUTUBRO,CENTRO DE BARCARENA,BARCARENA,RESIDENCIA,"-1,512231231","-48,619953156"
2024,NOVEMBRO,CENTRO DE BARCARENA,BARCARENA,RESIDENCIA,"-1,512231231","-48,619953156"
2024,NOVEMBRO,CENTRO DE BARCARENA,BARCARENA,UNIDADE POLICIAL,"-1,512231231","-48,619953156"
2024,NOVEMBRO,CENTRO DE BARCARENA,BARCARENA,RESIDENCIA,"-1,512231231","-48,619953156"
2024,NOVEMBRO,CENTRO DE BARCARENA,BARCARENA,RESIDENCIA PARTICULAR,"-1,512231231","-48,619953156"
2024,NOVEMBRO,CENTRO DE BARCARENA,BARCARENA,RESIDENCIA,"-1,512231231","-48,619953156"
2024,ABRIL,CENTRO DE BARCARENA,BARCARENA,RESIDENCIA PARTICULAR,"-1,512231231","-48,619953156"
2024,OUTUBRO,CENTRO DE BARCARENA,BARCARENA,RESIDENCIA PARTICULAR,"-1,512231231","-48,619953156"
2024,ABRIL,CENTRO DE BARCARENA,BARCARENA,RESIDENCIA PARTICULAR,"-1,512231231","-48,619953156"
2024,JULHO,CENTRO DE BARCARENA,BARCARENA,RESIDENCIA,"-1,512231231","-48,619953156"
2024,SETEMBRO,CENTRO DE BARCARENA,BARCARENA,RESIDENCIA PARTICULAR,"-1,512231231","-48,619953156"
2024,NOVEMBRO,CENTRO DE BARCARENA,BARCARENA,RESIDENCIA,"-1,512231231","-48,619953156"
2024,FEVEREIRO,VILA DOS CABANOS,BARCARENA,RESIDENCIA,"-1,4945485","-48,6184016"
2024,FEVEREIRO,VILA DOS CABANOS,BARCARENA,RESIDENCIA,"-1,4945485","-48,6184016"
2024,JUNHO,CENTRO DE BARCARENA,BARCARENA,RESIDENCIA,"-1,512231231","-48,619953156"
2024,FEVEREIRO,CENTRO DE BARCARENA,BARCARENA,RESIDENCIA,"-1,512231231","-48,619953156"
2024,JULHO,VILA DOS CABANOS,BARCARENA,RESIDENCIA PARTICULAR,"-1,5282717","-48,64037"
2024,OUTUBRO,CENTRO DE BARCARENA,BARCARENA,INSTITUICAO PUBLICA,"-1,512231231","-48,619953156"
2024,JUNHO,CENTRO DE BARCARENA,BARCARENA,RESIDENCIA,"-1,512231231","-48,619953156"
2024,NOVEMBRO,CENTRO DE BARCARENA,BARCARENA,RESIDENCIA PARTICULAR,"-1,512231231","-48,619953156"
2024,DEZEMBRO,CENTRO DE BARCARENA,BARCARENA,RESIDENCIA PARTICULAR,"-1,512231231","-48,619953156"
2024,NOVEMBRO,CENTRO DE BARCARENA,BARCARENA,SEM INFORMACAO,"-1,512231231","-48,619953156"
2024,MAIO,CENTRO DE BARCARENA,BARCARENA,ESTABELECIMENTOS DE SAUDE,"-1,512231231","-48,619953156"
2024,JUNHO,CENTRO DE BARCARENA,BARCARENA,RESIDENCIA PARTICULAR,"-1,512231231","-48,619953156"
2024,DEZEMBRO,CENTRO DE BARCARENA,BARCARENA,RESIDENCIA PARTICULAR,"-1,512231231","-48,619953156"
2024,FEVEREIRO,CENTRO DE BARCARENA,BARCARENA,RESIDENCIA,"-1,512231231","-48,619953156"
2024,JANEIRO,CENTRO DE BARCARENA,BARCARENA,RESIDENCIA,"-1,512231231","-48,619953156"
2024,MARCO,CENTRO DE BARCARENA,BARCARENA,VIA PUBLICA,"-1,512231231","-48,619953156"
2024,ABRIL,CENTRO DE BARCARENA,BARCARENA,RESIDENCIA PARTICULAR,"-1,512231231","-48,619953156"
2024,JUNHO,CENTRO DE BARCARENA,BARCARENA,RESIDENCIA,"-1,512231231","-48,619953156"
2024,JUNHO,CENTRO DE BARCARENA,BARCARENA,RESIDENCIA PARTICULAR,"-1,512231231","-48,619953156"
2024,JUNHO,CENTRO DE BARCARENA,BARCARENA,RESIDENCIA PARTICULAR,"-1,512231231","-48,619953156"
2024,MARCO,CENTRO DE BARCARENA,BARCARENA,RESIDENCIA,"-1,512231231","-48,619953156"
2024,JULHO,CENTRO DE BARCARENA,BARCARENA,LOGRADORO PUBLICO,"-1,512231231","-48,619953156"
2024,ABRIL,CENTRO DE BARCARENA,BARCARENA,RESIDENCIA PARTICULAR,"-1,512231231","-48,619953156"
2024,JUNHO,CENTRO DE BARCARENA,BARCARENA,HOSPITAL,"-1,512231231","-48,619953156"
2024,MAIO,CENTRO DE BARCARENA,BARCARENA,RESIDENCIA PARTICULAR,"-1,512231231","-48,619953156"
2024,JANEIRO,CENTRO DE BARCARENA,BARCARENA,RESIDENCIA,"-1,512231231","-48,619953156"
2024,DEZEMBRO,CENTRO DE BARCARENA,BARCARENA,HOSPITAL,"-1,512231231","-48,619953156"
2024,ABRIL,CENTRO DE BARCARENA,BARCARENA,RESIDENCIA PARTICULAR,"-1,512231231","-48,619953156"
2024,JANEIRO,VILA DOS CABANOS,BARCARENA,RESIDENCIA,"-1,5077179","-48,6222375"
2024,OUTUBRO,CENTRO DE BARCARENA,BARCARENA,RESIDENCIA PARTICULAR,"-1,512231231","-48,619953156"
2024,ABRIL,CENTRO DE BARCARENA,BARCARENA,RESIDENCIA,"-1,512231231","-48,619953156"
2024,MAIO,CENTRO DE BARCARENA,BARCARENA,RESIDENCIA,"-1,512231231","-48,619953156"
2024,SETEMBRO,CENTRO DE BARCARENA,BARCARENA,RESIDENCIA,"-1,512231231","-48,619953156"
2024,MAIO,CENTRO DE BARCARENA,BARCARENA,RESIDENCIA PARTICULAR,"-1,512231231","-48,619953156"
2024,JULHO,CENTRO DE BARCARENA,BARCARENA,RESIDENCIA,"-1,512231231","-48,619953156"
2024,MAIO,CENTRO DE BARCARENA,BARCARENA,RESIDENCIA PARTICULAR,"-1,512231231","-48,619953156"
2024,DEZEMBRO,CENTRO DE BARCARENA,BARCARENA,RESIDENCIA PARTICULAR,"-1,512231231","-48,619953156"
2024,MAIO,CENTRO DE BARCARENA,BARCARENA,RESIDENCIA,"-1,512231231","-48,619953156"
2024,MARCO,CENTRO DE BARCARENA,BARCARENA,RESIDENCIA,"-1,512231231","-48,619953156"
2024,AGOSTO,CENTRO DE BARCARENA,BARCARENA,RESIDENCIA PARTICULAR,"-1,512231231","-48,619953156"
2024,SETEMBRO,CENTRO DE BARCARENA,BARCARENA,RESIDENCIA,"-1,512231231","-48,619953156"
2024,SETEMBRO,CENTRO DE BARCARENA,BARCARENA,RESIDENCIA,"-1,512231231","-48,619953156"
2024,JULHO,CENTRO DE BARCARENA,BARCARENA,RESIDENCIA,"-1,512231231","-48,619953156"
2024,JULHO,CENTRO DE BARCARENA,BARCARENA,RESIDENCIA,"-1,512231231","-48,619953156"
2024,JUNHO,CENTRO DE BARCARENA,BARCARENA,RESIDENCIA PARTICULAR,"-1,512231231","-48,619953156"
2024,ABRIL,CENTRO DE BARCARENA,BARCARENA,RESIDENCIA,"-1,512231231","-48,619953156"
2024,JUNHO,VILA DOS CABANOS,BARCARENA,RESIDENCIA PARTICULAR,"-1,43404","-48,5738483"
2024,JUNHO,CENTRO DE BARCARENA,BARCARENA,RESIDENCIA PARTICULAR,"-1,512231231","-48,619953156"
2024,FEVEREIRO,CENTRO DE BARCARENA,BARCARENA,RESIDENCIA,"-1,512231231","-48,619953156"
2024,NOVEMBRO,CENTRO DE BARCARENA,BARCARENA,RESIDENCIA,"-1,512231231","-48,619953156"
2024,FEVEREIRO,CENTRO DE BARCARENA,BARCARENA,RESIDENCIA PARTICULAR,"-1,512231231","-48,619953156"
2024,MARCO,VILA DOS CABANOS,BARCARENA,RESIDENCIA,"-1,4945485","-48,6184016"
2024,MARCO,CENTRO DE BARCARENA,BARCARENA,RESIDENCIA,"-1,512231231","-48,619953156"
2024,JUNHO,CENTRO DE BARCARENA,BARCARENA,RESIDENCIA,"-1,512231231","-48,619953156"
2024,MARCO,CENTRO DE BARCARENA,BARCARENA,RESIDENCIA PARTICULAR,"-1,512231231","-48,619953156"
2024,JULHO,CENTRO DE BARCARENA,BARCARENA,RESIDENCIA,"-1,512231231","-48,619953156"
2024,MARCO,CENTRO DE BARCARENA,BARCARENA,RESIDENCIA PARTICULAR,"-1,512231231","-48,619953156"
2024,MARCO,VILA DOS CABANOS,BARCARENA,RESIDENCIA,"-1,4945485","-48,6184016"
2024,JULHO,CENTRO DE BARCARENA,BARCARENA,RESIDENCIA PARTICULAR,"-1,512231231","-48,619953156"
2024,JULHO,VILA DOS CABANOS,BARCARENA,RESIDENCIA,"-1,5077179","-48,6222375"
2024,AGOSTO,CENTRO DE BARCARENA,BARCARENA,RESIDENCIA PARTICULAR,"-1,512231231","-48,619953156"
2024,ABRIL,VILA DOS CABANOS,BARCARENA,VIA PUBLICA,"-1,5077179","-48,6222375"
2024,ABRIL,CENTRO DE BARCARENA,BARCARENA,RESIDENCIA,"-1,512231231","-48,619953156"
2024,SETEMBRO,CENTRO DE BARCARENA,BARCARENA,RESIDENCIA PARTICULAR,"-1,512231231","-48,619953156"
2024,AGOSTO,CENTRO DE BARCARENA,BARCARENA,RESIDENCIA,"-1,512231231","-48,619953156"
2024,ABRIL,CENTRO DE BARCARENA,BARCARENA,RESIDENCIA,"-1,512231231","-48,619953156"
2024,ABRIL,CENTRO DE BARCARENA,BARCARENA,RESIDENCIA,"-1,512231231","-48,619953156"
2024,MAIO,CENTRO DE BARCARENA,BARCARENA,RESIDENCIA,"-1,512231231","-48,619953156"
2024,MARCO,CENTRO DE BARCARENA,BARCARENA,RESIDENCIA,"-1,512231231","-48,619953156"
2024,MAIO,CENTRO DE BARCARENA,BARCARENA,RESIDENCIA,"-1,512231231","-48,619953156"
2024,ABRIL,CENTRO DE BARCARENA,BARCARENA,ZONA PERIURBANA,"-1,512231231","-48,619953156"
2024,MAIO,CENTRO DE BARCARENA,BARCARENA,VIA PUBLICA,"-1,512231231","-48,619953156"
2024,ABRIL,CENTRO DE BARCARENA,BARCARENA,RESIDENCIA,"-1,512231231","-48,619953156"
2024,JANEIRO,CENTRO DE BARCARENA,BARCARENA,RESIDENCIA,"-1,512231231","-48,619953156"
2024,AGOSTO,VILA DOS CABANOS,BARCARENA,OUTROS,"-1,4752583","-48,643265"
2024,AGOSTO,VILA DOS CABANOS,BARCARENA,OUTROS,"-1,4752583","-48,643265"
2024,AGOSTO,CENTRO DE BARCARENA,BARCARENA,RESIDENCIA PARTICULAR,"-1,512231231","-48,619953156"
2024,ABRIL,CENTRO DE BARCARENA,BARCARENA,RESIDENCIA PARTICULAR,"-1,512231231","-48,619953156"
2024,AGOSTO,CENTRO DE BARCARENA,BARCARENA,RESIDENCIA PARTICULAR,"-1,512231231","-48,619953156"
2024,ABRIL,CENTRO DE BARCARENA,BARCARENA,RESIDENCIA,"-1,512231231","-48,619953156"
2025,SETEMBRO,CENTRO DE BARCARENA,BARCARENA,RESIDENCIA PARTICULAR,"-1,512231231","-48,619953156"
2025,AGOSTO,CENTRO DE BARCARENA,BARCARENA,RESIDENCIA PARTICULAR,"-1,512231231","-48,619953156"
2025,SETEMBRO,CENTRO DE BARCARENA,BARCARENA,RESIDENCIA,"-1,512231231","-48,619953156"
2025,SETEMBRO,VILA DOS CABANOS,BARCARENA,RESIDENCIA,"-1,5077179","-48,6222375"
2025,SETEMBRO,CENTRO DE BARCARENA,BARCARENA,RESIDENCIA PARTICULAR,"-1,512231231","-48,619953156"
2025,AGOSTO,CENTRO DE BARCARENA,BARCARENA,RESIDENCIA PARTICULAR,"-1,512231231","-48,619953156"
2025,ABRIL,CENTRO DE BARCARENA,BARCARENA,RESIDENCIA PARTICULAR,"-1,512231231","-48,619953156"
2025,SETEMBRO,CENTRO DE BARCARENA,BARCARENA,RESIDENCIA,"-1,512231231","-48,619953156"
2025,SETEMBRO,VILA DOS CABANOS,BARCARENA,RESIDENCIA,"-1,5077179","-48,6222375"
2025,AGOSTO,VILA DOS CABANOS,BARCARENA,RESIDENCIA PARTICULAR,"-1,5282717","-48,64037"
2025,JULHO,CENTRO DE BARCARENA,BARCARENA,RESIDENCIA,"-1,512231231","-48,619953156"
2025,JUNHO,CENTRO DE BARCARENA,BARCARENA,RESIDENCIA PARTICULAR,"-1,512231231","-48,619953156"
2025,JULHO,CENTRO DE BARCARENA,BARCARENA,ESTABELECIMENTOS DE SAUDE,"-1,512231231","-48,619953156"
2025,JANEIRO,CENTRO DE BARCARENA,BARCARENA,RESIDENCIA PARTICULAR,"-1,512231231","-48,619953156"
2025,JANEIRO,CENTRO DE BARCARENA,BARCARENA,RESIDENCIA PARTICULAR,"-1,512231231","-48,619953156"
2025,MARCO,CENTRO DE BARCARENA,BARCARENA,RESIDENCIA,"-1,512231231","-48,619953156"
2025,JANEIRO,CENTRO DE BARCARENA,BARCARENA,RESIDENCIA PARTICULAR,"-1,512231231","-48,619953156"
2025,FEVEREIRO,CENTRO DE BARCARENA,BARCARENA,VIA PUBLICA,"-1,512231231","-48,619953156"
2025,ABRIL,CENTRO DE BARCARENA,BARCARENA,ESTABELECIMENTO DE ENSINO,"-1,512231231","-48,619953156"
2025,JULHO,CENTRO DE BARCARENA,BARCARENA,AMBIENTE VIRTUAL(INTERNET),"-1,512231231","-48,619953156"
2025,MARCO,CENTRO DE BARCARENA,BARCARENA,ESTABELECIMENTOS DE SAUDE,"-1,512231231","-48,619953156"
2025,MAIO,VILA DOS CABANOS,BARCARENA,RESIDENCIA,"-1,4932767","-48,6048383"
2025,MAIO,VILA DOS CABANOS,BARCARENA,RESIDENCIA,"-1,500359","-48,621393"
2025,JULHO,CENTRO DE BARCARENA,BARCARENA,RESIDENCIA,"-1,512231231","-48,619953156"
2025,JULHO,CENTRO DE BARCARENA,BARCARENA,RESIDENCIA,"-1,512231231","-48,619953156"
2025,MAIO,CENTRO DE BARCARENA,BARCARENA,RESIDENCIA PARTICULAR,"-1,512231231","-48,619953156"
2025,JANEIRO,CENTRO DE BARCARENA,BARCARENA,RESIDENCIA PARTICULAR,"-1,512231231","-48,619953156"
2025,MAIO,CENTRO DE BARCARENA,BARCARENA,ESTABELECIMENTO DE ENSINO,"-1,512231231","-48,619953156"
2025,MAIO,CENTRO DE BARCARENA,BARCARENA,ESTABELECIMENTO DE ENSINO,"-1,512231231","-48,619953156"
2025,MAIO,VILA DOS CABANOS,BARCARENA,ESTABELECIMENTOS DE SAUDE,"-1,5077179","-48,6222375"
2025,MAIO,CENTRO DE BARCARENA,BARCARENA,RESIDENCIA PARTICULAR,"-1,512231231","-48,619953156"
2025,ABRIL,CENTRO DE BARCARENA,BARCARENA,VIA PUBLICA,"-1,512231231","-48,619953156"
2025,AGOSTO,CENTRO DE BARCARENA,BARCARENA,RESIDENCIA PARTICULAR,"-1,512231231","-48,619953156"
2025,FEVEREIRO,CENTRO DE BARCARENA,BARCARENA,EM VEICULO,"-1,512231231","-48,619953156"
2025,AGOSTO,CENTRO DE BARCARENA,BARCARENA,RESIDENCIA PARTICULAR,"-1,512231231","-48,619953156"
2025,FEVEREIRO,CENTRO DE BARCARENA,BARCARENA,RESIDENCIA PARTICULAR,"-1,512231231","-48,619953156"
2025,MAIO,CENTRO DE BARCARENA,BARCARENA,RESIDENCIA PARTICULAR,"-1,512231231","-48,619953156"
2025,FEVEREIRO,CENTRO DE BARCARENA,BARCARENA,RESIDENCIA PARTICULAR,"-1,512231231","-48,619953156"
2025,MAIO,CENTRO DE BARCARENA,BARCARENA,TEMPLOS RELIGIOSOS,"-1,512231231","-48,619953156"
2025,MAIO,CENTRO DE BARCARENA,BARCARENA,RESIDENCIA PARTICULAR,"-1,512231231","-48,619953156"
2025,SETEMBRO,CENTRO DE BARCARENA,BARCARENA,RESIDENCIA,"-1,512231231","-48,619953156"
2025,OUTUBRO,CENTRO DE BARCARENA,BARCARENA,RESIDENCIA,"-1,512231231","-48,619953156"
2025,MAIO,CENTRO DE BARCARENA,BARCARENA,RESIDENCIA PARTICULAR,"-1,512231231","-48,619953156"
2025,OUTUBRO,CENTRO DE BARCARENA,BARCARENA,ESTABELECIMENTO DE ENSINO,"-1,512231231","-48,619953156"
2025,MAIO,CENTRO DE BARCARENA,BARCARENA,VIA PUBLICA,"-1,512231231","-48,619953156"
2025,OUTUBRO,CENTRO DE BARCARENA,BARCARENA,RESIDENCIA PARTICULAR,"-1,512231231","-48,619953156"
2025,MAIO,CENTRO DE BARCARENA,BARCARENA,ESTABELECIMENTO DE ENSINO,"-1,512231231","-48,619953156"
2025,SETEMBRO,CENTRO DE BARCARENA,BARCARENA,ESTABELECIMENTOS DE SAUDE,"-1,512231231","-48,619953156"
2025,OUTUBRO,CENTRO DE BARCARENA,BARCARENA,OUTROS,"-1,512231231","-48,619953156"
2025,ABRIL,CENTRO DE BARCARENA,BARCARENA,RESIDENCIA PARTICULAR,"-1,512231231","-48,619953156"
2025,ABRIL,CENTRO DE BARCARENA,BARCARENA,INSTITUICAO PUBLICA,"-1,512231231","-48,619953156"
2025,ABRIL,CENTRO DE BARCARENA,BARCARENA,RESIDENCIA PARTICULAR,"-1,512231231","-48,619953156"
2025,OUTUBRO,CENTRO DE BARCARENA,BARCARENA,EM VEICULO,"-1,512231231","-48,619953156"
2025,ABRIL,CENTRO DE BARCARENA,BARCARENA,RESIDENCIA PARTICULAR,"-1,512231231","-48,619953156"
2025,AGOSTO,CENTRO DE BARCARENA,BARCARENA,RESIDENCIA,"-1,512231231","-48,619953156"
2025,OUTUBRO,CENTRO DE BARCARENA,BARCARENA,RESIDENCIA PARTICULAR,"-1,512231231","-48,619953156"
2025,JUNHO,CENTRO DE BARCARENA,BARCARENA,RESIDENCIA,"-1,512231231","-48,619953156"
2025,JUNHO,CENTRO DE BARCARENA,BARCARENA,RESIDENCIA,"-1,512231231","-48,619953156"
2025,JUNHO,CENTRO DE BARCARENA,BARCARENA,RESIDENCIA PARTICULAR,"-1,512231231","-48,619953156"
2025,JUNHO,CENTRO DE BARCARENA,BARCARENA,RESIDENCIA PARTICULAR,"-1,512231231","-48,619953156"
2025,JUNHO,CENTRO DE BARCARENA,BARCARENA,UNIDADE POLICIAL,"-1,512231231","-48,619953156"
2025,JUNHO,CENTRO DE BARCARENA,BARCARENA,RESIDENCIA PARTICULAR,"-1,512231231","-48,619953156"
2025,JUNHO,CENTRO DE BARCARENA,BARCARENA,RESIDENCIA PARTICULAR,"-1,512231231","-48,619953156"
2025,JUNHO,CENTRO DE BARCARENA,BARCARENA,ESTABELECIMENTO COMERCIAL,"-1,512231231","-48,619953156"
2025,JULHO,CENTRO DE BARCARENA,BARCARENA,RESIDENCIA,"-1,512231231","-48,619953156"
